state,date,cases,deaths,all_hospital_beds,hospitalized_covid_confirmed_patients,hospitalized_covid_patients,hospitalized_suspected_covid_patients,icu_available_beds,icu_covid_confirmed_patients,icu_suspected_covid_patients
California,2020-03-18,675.0,15.0,0.0,0.0,0.0,0.0,0.0,0.0,0.0
California,2020-03-19,359.6666666666667,3.0,0.0,0.0,0.0,0.0,0.0,0.0,0.0
California,2020-03-20,223.75,4.0,0.0,0.0,0.0,0.0,0.0,0.0,0.0
California,2020-03-21,266.5,5.5,0.0,0.0,0.0,0.0,0.0,0.0,0.0
California,2020-03-22,265.0,9.0,0.0,0.0,0.0,0.0,0.0,0.0,0.0
California,2020-03-23,222.0,3.25,0.0,0.0,0.0,0.0,0.0,0.0,0.0
California,2020-03-24,580.0,16.5,0.0,0.0,0.0,0.0,0.0,0.0,0.0
California,2020-03-25,472.25,19.0,0.0,0.0,0.0,0.0,0.0,0.0,0.0
California,2020-03-26,795.0,15.0,0.0,0.0,0.0,0.0,0.0,0.0,0.0
California,2020-03-27,878.75,24.0,0.0,0.0,0.0,0.0,0.0,0.0,0.0
California,2020-03-28,640.0,17.0,0.0,0.0,0.0,0.0,0.0,0.0,0.0
California,2020-03-29,480.0,17.0,0.0,0.0,0.0,0.0,0.0,0.0,0.0
California,2020-03-30,1169.0,17.75,0.0,0.0,0.0,0.0,0.0,0.0,0.0
California,2020-03-31,1223.0,25.0,0.0,0.0,0.0,0.0,0.0,0.0,0.0
California,2020-04-01,1036.0,32.0,0.0,0.0,0.0,0.0,0.0,0.0,0.0
California,2020-04-02,1521.75,34.0,0.0,0.0,0.0,0.0,0.0,0.0,0.0
California,2020-04-03,1325.0,39.0,0.0,0.0,0.0,0.0,0.0,0.0,0.0
California,2020-04-04,1430.8125,43.0,0.0,0.0,0.0,0.0,0.0,0.0,0.0
California,2020-04-05,923.75,24.0,0.0,0.0,0.0,0.0,0.0,0.0,0.0
California,2020-04-06,1530.75,32.75,0.0,0.0,0.0,0.0,0.0,0.0,0.0
California,2020-04-07,1096.25,68.0,0.0,0.0,0.0,0.0,0.0,0.0,0.0
California,2020-04-08,1353.0,50.0,0.0,0.0,0.0,0.0,0.0,0.0,0.0
California,2020-04-09,1170.75,49.0,0.0,0.0,0.0,0.0,0.0,0.0,0.0
California,2020-04-10,1194.625,84.25,0.0,0.0,0.0,0.0,0.0,0.0,0.0
California,2020-04-11,1179.0,42.0,0.0,0.0,0.0,0.0,0.0,0.0,0.0
California,2020-04-12,606.75,36.0,0.0,0.0,0.0,0.0,0.0,0.0,0.0
California,2020-04-13,990.0,71.0,0.0,0.0,0.0,0.0,0.0,0.0,0.0
California,2020-04-14,1086.0,63.0,0.0,0.0,0.0,0.0,0.0,0.0,0.0
California,2020-04-15,1758.0,69.0,0.0,0.0,0.0,0.0,0.0,0.0,0.0
California,2020-04-16,1353.5,95.0,0.0,0.0,0.0,0.0,0.0,0.0,0.0
California,2020-04-17,1441.0,87.0,0.0,0.0,0.0,0.0,0.0,0.0,0.0
California,2020-04-18,1370.0,94.0,0.0,0.0,0.0,0.0,0.0,0.0,0.0
California,2020-04-19,656.75,42.0,0.0,0.0,0.0,0.0,0.0,0.0,0.0
California,2020-04-20,2283.0,60.0,0.0,0.0,0.0,0.0,0.0,0.0,0.0
California,2020-04-21,2135.0,86.0,0.0,0.0,0.0,0.0,0.0,0.0,0.0
California,2020-04-22,1973.0,115.0,0.0,0.0,0.0,0.0,0.0,0.0,0.0
California,2020-04-23,1885.0,93.0,0.0,0.0,0.0,0.0,0.0,0.0,0.0
California,2020-04-24,1884.5,89.0,0.0,0.0,0.0,0.0,0.0,0.0,0.0
California,2020-04-25,1230.0,59.0,0.0,0.0,0.0,0.0,0.0,0.0,0.0
California,2020-04-26,1300.0,45.0,0.0,0.0,0.0,0.0,0.0,0.0,0.0
California,2020-04-27,1568.25,54.0,0.0,0.0,0.0,0.0,0.0,0.0,0.0
California,2020-04-28,1472.5,78.0,0.0,0.0,0.0,0.0,0.0,0.0,0.0
California,2020-04-29,2417.0,95.0,0.0,0.0,0.0,0.0,0.0,0.0,0.0
California,2020-04-30,1526.25,91.0,0.0,0.0,0.0,0.0,0.0,0.0,0.0
California,2020-05-01,1755.0,98.0,0.0,0.0,0.0,0.0,0.0,0.0,0.0
California,2020-05-02,1422.75,44.0,0.0,0.0,0.0,0.0,0.0,0.0,0.0
California,2020-05-03,1414.0,39.0,0.0,0.0,0.0,0.0,0.0,0.0,0.0
California,2020-05-04,1278.5,63.0,0.0,0.0,0.0,0.0,0.0,0.0,0.0
California,2020-05-05,2608.1875,95.0,0.0,0.0,0.0,0.0,0.0,0.0,0.0
California,2020-05-06,1807.0,92.0,0.0,0.0,0.0,0.0,0.0,0.0,0.0
California,2020-05-07,1901.5,81.0,0.0,0.0,0.0,0.0,0.0,0.0,0.0
California,2020-05-08,2050.0,93.0,0.0,0.0,0.0,0.0,0.0,0.0,0.0
California,2020-05-09,2119.0,67.0,0.0,0.0,0.0,0.0,0.0,0.0,0.0
California,2020-05-10,1260.75,27.0,0.0,0.0,0.0,0.0,0.0,0.0,0.0
California,2020-05-11,1443.0,77.0,0.0,0.0,0.0,0.0,0.0,0.0,0.0
California,2020-05-12,1759.0,88.25,0.0,0.0,0.0,0.0,0.0,0.0,0.0
California,2020-05-13,2027.5,98.0,0.0,0.0,0.0,0.0,0.0,0.0,0.0
California,2020-05-14,1773.25,76.0,0.0,0.0,0.0,0.0,0.0,0.0,0.0
California,2020-05-15,1857.0,96.0,0.0,0.0,0.0,0.0,0.0,0.0,0.0
California,2020-05-16,2052.75,57.0,0.0,0.0,0.0,0.0,0.0,0.0,0.0
California,2020-05-17,1598.3125,41.0,0.0,0.0,0.0,0.0,0.0,0.0,0.0
California,2020-05-18,1365.0,32.0,0.0,0.0,0.0,0.0,0.0,0.0,0.0
California,2020-05-19,2262.0,102.0,0.0,0.0,0.0,0.0,0.0,0.0,0.0
California,2020-05-20,2151.25,106.0,0.0,0.0,0.0,0.0,0.0,0.0,0.0
California,2020-05-21,2249.25,88.0,0.0,0.0,0.0,0.0,0.0,0.0,0.0
California,2020-05-22,2187.0,78.0,0.0,0.0,0.0,0.0,0.0,0.0,0.0
California,2020-05-23,2080.5625,66.0,0.0,0.0,0.0,0.0,0.0,0.0,0.0
California,2020-05-24,1848.0,21.0,0.0,0.0,0.0,0.0,0.0,0.0,0.0
California,2020-05-25,2175.0,19.0,0.0,0.0,0.0,0.0,0.0,0.0,0.0
California,2020-05-26,2255.0,70.0,0.0,0.0,0.0,0.0,0.0,0.0,0.0
California,2020-05-27,2718.25,89.0,0.0,0.0,0.0,0.0,0.0,0.0,0.0
California,2020-05-28,2194.0,95.0,0.0,0.0,0.0,0.0,0.0,0.0,0.0
California,2020-05-29,2992.0,88.0,0.0,0.0,0.0,0.0,0.0,0.0,0.0
California,2020-05-30,3714.25,57.0,0.0,0.0,0.0,0.0,0.0,0.0,0.0
California,2020-05-31,2425.0,38.0,0.0,0.0,0.0,0.0,0.0,0.0,0.0
California,2020-06-01,2308.25,35.0,0.0,0.0,0.0,0.0,0.0,0.0,0.0
California,2020-06-02,2377.0,75.0,0.0,0.0,0.0,0.0,0.0,0.0,0.0
California,2020-06-03,2121.5,61.0,0.0,0.0,0.0,0.0,0.0,0.0,0.0
California,2020-06-04,3094.0,63.0,0.0,0.0,0.0,0.0,0.0,0.0,0.0
California,2020-06-05,3115.0,74.0,0.0,0.0,0.0,0.0,0.0,0.0,0.0
California,2020-06-06,2826.0,67.0,0.0,0.0,0.0,0.0,0.0,0.0,0.0
California,2020-06-07,2507.0,27.0,0.0,0.0,0.0,0.0,0.0,0.0,0.0
California,2020-06-08,2172.25,44.0,0.0,0.0,0.0,0.0,0.0,0.0,0.0
California,2020-06-09,2706.25,79.0,0.0,0.0,0.0,0.0,0.0,0.0,0.0
California,2020-06-10,3098.5625,105.0,0.0,0.0,0.0,0.0,0.0,0.0,0.0
California,2020-06-11,2744.390625,62.0,0.0,0.0,0.0,0.0,0.0,0.0,0.0
California,2020-06-12,3675.9375,46.0,0.0,0.0,0.0,0.0,0.0,0.0,0.0
California,2020-06-13,3213.671875,74.0,0.0,0.0,0.0,0.0,0.0,0.0,0.0
California,2020-06-14,2624.5,26.0,0.0,0.0,0.0,0.0,0.0,0.0,0.0
California,2020-06-15,2276.25,33.0,0.0,0.0,0.0,0.0,0.0,0.0,0.0
California,2020-06-16,3458.75,87.0,0.0,0.0,0.0,0.0,0.0,0.0,0.0
California,2020-06-17,4084.0,82.0,0.0,0.0,0.0,0.0,0.0,0.0,0.0
California,2020-06-18,4320.1875,71.25,0.0,0.0,0.0,0.0,0.0,0.0,0.0
California,2020-06-19,3893.0,67.0,0.0,0.0,0.0,0.0,0.0,0.0,0.0
California,2020-06-20,4515.0,72.5,0.0,0.0,0.0,0.0,0.0,0.0,0.0
California,2020-06-21,4307.75,20.0,0.0,0.0,0.0,0.0,0.0,0.0,0.0
California,2020-06-22,5178.75,66.0,0.0,0.0,0.0,0.0,0.0,0.0,0.0
California,2020-06-23,7152.75,52.0,0.0,0.0,0.0,0.0,0.0,0.0,0.0
California,2020-06-24,5352.125,101.0,0.0,0.0,0.0,0.0,0.0,0.0,0.0
California,2020-06-25,5271.0,79.0,0.0,0.0,0.0,0.0,0.0,0.0,0.0
California,2020-06-26,6209.0,60.0,0.0,0.0,0.0,0.0,0.0,0.0,0.0
California,2020-06-27,5120.0,33.0,0.0,0.0,0.0,0.0,0.0,0.0,0.0
California,2020-06-28,7083.0,31.0,0.0,0.0,0.0,0.0,0.0,0.0,0.0
California,2020-06-29,9482.0,44.0,0.0,0.0,0.0,0.0,0.0,0.0,0.0
California,2020-06-30,7407.0,110.0,0.0,0.0,0.0,0.0,0.0,0.0,0.0
California,2020-07-01,6410.0,73.0,0.0,0.0,0.0,0.0,0.0,0.0,0.0
California,2020-07-02,5688.0,100.0,0.0,0.0,0.0,0.0,0.0,0.0,0.0
California,2020-07-03,9155.25,50.0,0.0,0.0,0.0,0.0,0.0,0.0,0.0
California,2020-07-04,8599.3125,18.0,0.0,0.0,0.0,0.0,0.0,0.0,0.0
California,2020-07-05,5912.0,6.0,0.0,0.0,0.0,0.0,0.0,0.0,0.0
California,2020-07-06,6109.5,111.0,0.0,0.0,0.0,0.0,0.0,0.0,0.0
California,2020-07-07,11697.5,114.0,0.0,0.0,0.0,0.0,0.0,0.0,0.0
California,2020-07-08,7033.375,150.75,0.0,0.0,0.0,0.0,0.0,0.0,0.0
California,2020-07-09,7800.46875,140.0,0.0,0.0,0.0,0.0,0.0,0.0,0.0
California,2020-07-10,8048.25,94.0,0.0,0.0,0.0,0.0,0.0,0.0,0.0
California,2020-07-11,8463.8671875,72.0,0.0,0.0,0.0,0.0,0.0,0.0,0.0
California,2020-07-12,8358.0,23.0,0.0,0.0,0.0,0.0,0.0,0.0,0.0
California,2020-07-13,7355.0,47.0,0.0,0.0,0.0,0.0,0.0,0.0,0.0
California,2020-07-14,11135.5,140.0,0.0,0.0,0.0,0.0,0.0,0.0,0.0
California,2020-07-15,8544.0,118.0,0.0,0.0,0.0,0.0,0.0,0.0,0.0
California,2020-07-16,9998.125,130.0,0.0,0.0,0.0,0.0,0.0,0.0,0.0
California,2020-07-17,9199.0,120.0,0.0,0.0,0.0,0.0,0.0,0.0,0.0
California,2020-07-18,9341.53125,90.0,0.0,0.0,0.0,0.0,0.0,0.0,0.0
California,2020-07-19,6846.0,23.25,0.0,0.0,0.0,0.0,0.0,0.0,0.0
California,2020-07-20,9482.0,61.0,0.0,0.0,0.0,0.0,0.0,0.0,0.0
California,2020-07-21,12818.5,115.0,0.0,0.0,0.0,0.0,0.0,0.0,0.0
California,2020-07-22,12040.0,157.0,0.0,0.0,0.0,0.0,0.0,0.0,0.0
California,2020-07-23,9718.0,159.0,0.0,0.0,0.0,0.0,0.0,0.0,0.0
California,2020-07-24,10066.0,151.0,0.0,0.0,0.0,0.0,0.0,0.0,0.0
California,2020-07-25,8273.0,79.0,0.0,0.0,0.0,0.0,0.0,0.0,0.0
California,2020-07-26,6891.0,29.0,0.0,0.0,0.0,0.0,0.0,0.0,0.0
California,2020-07-27,6002.875,73.0,0.0,0.0,0.0,0.0,0.0,0.0,0.0
California,2020-07-28,8757.96875,197.0,0.0,0.0,0.0,0.0,0.0,0.0,0.0
California,2020-07-29,10200.7109375,194.0,0.0,0.0,0.0,0.0,0.0,0.0,0.0
California,2020-07-30,8086.0,124.25,0.0,0.0,0.0,0.0,0.0,0.0,0.0
California,2020-07-31,6556.177734375,219.0,0.0,0.0,0.0,0.0,0.0,0.0,0.0
California,2020-08-01,9034.04443359375,132.0,0.0,0.0,0.0,0.0,0.0,0.0,0.0
California,2020-08-02,5778.0,32.0,0.0,0.0,0.0,0.0,0.0,0.0,0.0
California,2020-08-03,4590.25,113.0,0.0,0.0,0.0,0.0,0.0,0.0,0.0
California,2020-08-04,5298.25,202.0,0.0,0.0,0.0,0.0,0.0,0.0,0.0
California,2020-08-05,5304.875,166.0,0.0,0.0,0.0,0.0,0.0,0.0,0.0
California,2020-08-06,8455.4375,142.0,1314.0,81.0,114.0,33.0,37.0,23.0,8.0
California,2020-08-07,7546.25,178.0,0.0,0.0,0.0,0.0,0.0,0.0,0.0
California,2020-08-08,8373.0,104.0,0.0,0.0,0.0,0.0,0.0,0.0,0.0
California,2020-08-09,7798.5,66.0,0.0,0.0,0.0,0.0,0.0,0.0,0.0
California,2020-08-10,12707.125,121.75,0.0,0.0,0.0,0.0,0.0,0.0,0.0
California,2020-08-11,11658.25,180.0,0.0,0.0,0.0,0.0,0.0,0.0,0.0
California,2020-08-12,7123.9375,160.0,0.0,0.0,0.0,0.0,0.0,0.0,0.0
California,2020-08-13,8094.0,188.0,0.0,0.0,0.0,0.0,0.0,0.0,0.0
California,2020-08-14,12614.0,151.0,0.0,0.0,0.0,0.0,0.0,0.0,0.0
California,2020-08-15,7883.5625,77.0,0.0,0.0,0.0,0.0,0.0,0.0,0.0
California,2020-08-16,6469.0,18.0,0.0,0.0,0.0,0.0,0.0,0.0,0.0
California,2020-08-17,4838.25,100.0,0.0,0.0,0.0,0.0,0.0,0.0,0.0
California,2020-08-18,6164.0,181.0,0.0,0.0,0.0,0.0,0.0,0.0,0.0
California,2020-08-19,5924.75,163.0,0.0,0.0,0.0,0.0,0.0,0.0,0.0
California,2020-08-20,5587.0,135.0,0.0,0.0,0.0,0.0,0.0,0.0,0.0
California,2020-08-21,6561.5,167.0,0.0,0.0,0.0,0.0,0.0,0.0,0.0
California,2020-08-22,6777.0,148.75,0.0,0.0,0.0,0.0,0.0,0.0,0.0
California,2020-08-23,5205.5,18.0,0.0,0.0,0.0,0.0,0.0,0.0,0.0
California,2020-08-24,4487.75,105.0,0.0,0.0,0.0,0.0,0.0,0.0,0.0
California,2020-08-25,6011.5,150.0,0.0,0.0,0.0,0.0,0.0,0.0,0.0
California,2020-08-26,4430.0,143.0,0.0,0.0,0.0,0.0,0.0,0.0,0.0
California,2020-08-27,5331.0,141.5,0.0,0.0,0.0,0.0,0.0,0.0,0.0
California,2020-08-28,4981.0,144.0,0.0,0.0,0.0,0.0,0.0,0.0,0.0
California,2020-08-29,6108.5,74.0,0.0,0.0,0.0,0.0,0.0,0.0,0.0
California,2020-08-30,4223.5625,28.0,0.0,0.0,0.0,0.0,0.0,0.0,0.0
California,2020-08-31,3948.140625,87.5,0.0,0.0,0.0,0.0,0.0,0.0,0.0
California,2020-09-01,4260.75,145.0,0.0,0.0,0.0,0.0,0.0,0.0,0.0
California,2020-09-02,5129.25,164.0,0.0,0.0,0.0,0.0,0.0,0.0,0.0
California,2020-09-03,5107.25,168.0,0.0,0.0,0.0,0.0,0.0,0.0,0.0
California,2020-09-04,4963.75,154.0,0.0,0.0,0.0,0.0,0.0,0.0,0.0
California,2020-09-05,4905.0,66.0,0.0,0.0,0.0,0.0,0.0,0.0,0.0
California,2020-09-06,3107.6875,18.5,0.0,0.0,0.0,0.0,0.0,0.0,0.0
California,2020-09-07,2800.234375,32.0,0.0,0.0,0.0,0.0,0.0,0.0,0.0
California,2020-09-08,2175.91796875,83.0,0.0,0.0,0.0,0.0,0.0,0.0,0.0
California,2020-09-09,3342.5,137.0,0.0,0.0,0.0,0.0,0.0,0.0,0.0
California,2020-09-10,3326.0,111.0,0.0,0.0,0.0,0.0,0.0,0.0,0.0
California,2020-09-11,4121.875,163.25,0.0,0.0,0.0,0.0,0.0,0.0,0.0
California,2020-09-12,4636.53125,78.0,0.0,0.0,0.0,0.0,0.0,0.0,0.0
California,2020-09-13,2977.1875,56.0,0.0,0.0,0.0,0.0,0.0,0.0,0.0
California,2020-09-14,2348.5703125,66.0,0.0,0.0,0.0,0.0,0.0,0.0,0.0
California,2020-09-15,2958.767578125,164.0,0.0,0.0,0.0,0.0,0.0,0.0,0.0
California,2020-09-16,3248.25,106.0,0.0,0.0,0.0,0.0,0.0,0.0,0.0
California,2020-09-17,3635.25,91.0,0.0,0.0,0.0,0.0,0.0,0.0,0.0
California,2020-09-18,4307.0,100.0,0.0,0.0,0.0,0.0,0.0,0.0,0.0
California,2020-09-19,4265.0,75.0,0.0,0.0,0.0,0.0,0.0,0.0,0.0
California,2020-09-20,3375.5,31.0,0.0,0.0,0.0,0.0,0.0,0.0,0.0
California,2020-09-21,2671.75,53.0,0.0,0.0,0.0,0.0,0.0,0.0,0.0
California,2020-09-22,3146.0,133.0,0.0,0.0,0.0,0.0,0.0,0.0,0.0
California,2020-09-23,3172.0,110.0,0.0,0.0,0.0,0.0,0.0,0.0,0.0
California,2020-09-24,3403.5,84.0,0.0,0.0,0.0,0.0,0.0,0.0,0.0
California,2020-09-25,4203.375,134.0,0.0,0.0,0.0,0.0,0.0,0.0,0.0
California,2020-09-26,4073.78125,55.0,0.0,0.0,0.0,0.0,0.0,0.0,0.0
California,2020-09-27,3017.0,21.0,0.0,0.0,0.0,0.0,0.0,0.0,0.0
California,2020-09-28,2162.0,37.0,0.0,0.0,0.0,0.0,0.0,0.0,0.0
California,2020-09-29,3216.5,152.0,0.0,0.0,0.0,0.0,0.0,0.0,0.0
California,2020-09-30,3075.5,96.0,0.0,0.0,0.0,0.0,0.0,0.0,0.0
California,2020-10-01,3600.0625,98.0,0.0,0.0,0.0,0.0,0.0,0.0,0.0
California,2020-10-02,3777.0,88.0,0.0,0.0,0.0,0.0,0.0,0.0,0.0
California,2020-10-03,4298.046875,46.0,0.0,0.0,0.0,0.0,0.0,0.0,0.0
California,2020-10-04,3197.0,32.0,0.0,0.0,0.0,0.0,0.0,0.0,0.0
California,2020-10-05,1772.125,28.0,0.0,0.0,0.0,0.0,0.0,0.0,0.0
California,2020-10-06,2940.5,85.0,0.0,0.0,0.0,0.0,0.0,0.0,0.0
California,2020-10-07,3600.5,99.0,0.0,0.0,0.0,0.0,0.0,0.0,0.0
California,2020-10-08,3806.0,67.0,0.0,0.0,0.0,0.0,0.0,0.0,0.0
California,2020-10-09,4170.0,72.0,0.0,0.0,0.0,0.0,0.0,0.0,0.0
California,2020-10-10,3809.0,64.0,0.0,0.0,0.0,0.0,0.0,0.0,0.0
California,2020-10-11,3466.75,16.0,0.0,0.0,0.0,0.0,0.0,0.0,0.0
California,2020-10-12,2384.5,17.75,0.0,0.0,0.0,0.0,0.0,0.0,0.0
California,2020-10-13,2673.5,58.0,0.0,0.0,0.0,0.0,0.0,0.0,0.0
California,2020-10-14,3440.75,118.0,0.0,0.0,0.0,0.0,0.0,0.0,0.0
California,2020-10-15,3076.3125,87.0,0.0,0.0,0.0,0.0,0.0,0.0,0.0
California,2020-10-16,2979.0,69.0,0.0,0.0,0.0,0.0,0.0,0.0,0.0
California,2020-10-17,2862.0,44.0,0.0,0.0,0.0,0.0,0.0,0.0,0.0
California,2020-10-18,3555.75,38.25,0.0,0.0,0.0,0.0,0.0,0.0,0.0
California,2020-10-19,3441.4375,22.0,0.0,0.0,0.0,0.0,0.0,0.0,0.0
California,2020-10-20,3707.0,42.5625,0.0,0.0,0.0,0.0,0.0,0.0,0.0
California,2020-10-21,3040.0,162.0,0.0,0.0,0.0,0.0,0.0,0.0,0.0
California,2020-10-22,6148.5,73.0,0.0,0.0,0.0,0.0,0.0,0.0,0.0
California,2020-10-23,5945.0,49.0,0.0,0.0,0.0,0.0,0.0,0.0,0.0
California,2020-10-24,5220.5,34.0,0.0,0.0,0.0,0.0,0.0,0.0,0.0
California,2020-10-25,3047.5,12.0,0.0,0.0,0.0,0.0,0.0,0.0,0.0
California,2020-10-26,3188.0,45.0,0.0,0.0,0.0,0.0,0.0,0.0,0.0
California,2020-10-27,4516.4375,77.25,0.0,0.0,0.0,0.0,0.0,0.0,0.0
California,2020-10-28,4224.25,66.0,0.0,0.0,0.0,0.0,0.0,0.0,0.0
California,2020-10-29,4014.0,30.0,0.0,0.0,0.0,0.0,0.0,0.0,0.0
California,2020-10-30,5087.0,55.0,0.0,0.0,0.0,0.0,0.0,0.0,0.0
California,2020-10-31,4529.0,41.0,0.0,0.0,0.0,0.0,0.0,0.0,0.0
California,2020-11-01,4164.75,5.0,0.0,0.0,0.0,0.0,0.0,0.0,0.0
California,2020-11-02,4046.75,20.5,0.0,0.0,0.0,0.0,0.0,0.0,0.0
California,2020-11-03,5367.5,66.0,0.0,0.0,0.0,0.0,0.0,0.0,0.0
California,2020-11-04,4574.75,68.5,0.0,0.0,0.0,0.0,0.0,0.0,0.0
California,2020-11-05,6525.0,51.0,0.0,0.0,0.0,0.0,0.0,0.0,0.0
California,2020-11-06,5866.25,73.0,0.0,0.0,0.0,0.0,0.0,0.0,0.0
California,2020-11-07,7692.25,24.0,0.0,0.0,0.0,0.0,0.0,0.0,0.0
California,2020-11-08,7390.5,14.0,0.0,0.0,0.0,0.0,0.0,0.0,0.0
California,2020-11-09,5748.25,24.0,0.0,0.0,0.0,0.0,0.0,0.0,0.0
California,2020-11-10,7466.375,73.25,0.0,0.0,0.0,0.0,0.0,0.0,0.0
California,2020-11-11,6938.0,38.0,0.0,0.0,0.0,0.0,0.0,0.0,0.0
California,2020-11-12,7094.59375,30.25,0.0,0.0,0.0,0.0,0.0,0.0,0.0
California,2020-11-13,9875.0,81.0,0.0,0.0,0.0,0.0,0.0,0.0,0.0
California,2020-11-14,10970.4609375,36.25,0.0,0.0,0.0,0.0,0.0,0.0,0.0
California,2020-11-15,9896.5,10.0,0.0,0.0,0.0,0.0,0.0,0.0,0.0
California,2020-11-16,9100.75,36.0,0.0,0.0,0.0,0.0,0.0,0.0,0.0
California,2020-11-17,9811.0,62.0,0.0,0.0,0.0,0.0,0.0,0.0,0.0
California,2020-11-18,11481.25,107.0,0.0,0.0,0.0,0.0,0.0,0.0,0.0
California,2020-11-19,13005.0,93.0,0.0,0.0,0.0,0.0,0.0,0.0,0.0
California,2020-11-20,15442.0,87.5,0.0,0.0,0.0,0.0,0.0,0.0,0.0
California,2020-11-21,14357.0,33.0,329.0,18.0,24.0,6.0,6.0,5.0,0.0
California,2020-11-22,8784.75,50.0,0.0,0.0,0.0,0.0,0.0,0.0,0.0
California,2020-11-23,15627.0,44.25,0.0,0.0,0.0,0.0,0.0,0.0,0.0
California,2020-11-24,18350.0,106.0,0.0,0.0,0.0,0.0,0.0,0.0,0.0
California,2020-11-25,14641.5,106.25,0.0,0.0,0.0,0.0,0.0,0.0,0.0
California,2020-11-26,12643.75,54.0,0.0,0.0,0.0,0.0,0.0,0.0,0.0
California,2020-11-27,13754.5,56.0,0.0,0.0,0.0,0.0,0.0,0.0,0.0
California,2020-11-28,15614.0,32.0,0.0,0.0,0.0,0.0,0.0,0.0,0.0
California,2020-11-29,14210.0,20.0,0.0,0.0,0.0,0.0,0.0,0.0,0.0
California,2020-11-30,12508.5,70.0,0.0,0.0,0.0,0.0,0.0,0.0,0.0
California,2020-12-01,20984.0,113.0,0.0,0.0,0.0,0.0,0.0,0.0,0.0
California,2020-12-02,18591.0,113.0,0.0,0.0,0.0,0.0,0.0,0.0,0.0
California,2020-12-03,22019.75,145.0,0.0,0.0,0.0,0.0,0.0,0.0,0.0
California,2020-12-04,25070.9375,209.0,0.0,0.0,0.0,0.0,0.0,0.0,0.0
California,2020-12-05,30075.0,85.0,0.0,0.0,0.0,0.0,0.0,0.0,0.0
California,2020-12-06,24762.984375,59.0,0.0,0.0,0.0,0.0,0.0,0.0,0.0
California,2020-12-07,23590.75,115.5,0.0,0.0,0.0,0.0,0.0,0.0,0.0
California,2020-12-08,31040.25,196.0,0.0,0.0,0.0,0.0,0.0,0.0,0.0
California,2020-12-09,29677.0,221.0,0.0,0.0,0.0,0.0,0.0,0.0,0.0
California,2020-12-10,35501.0,161.5,0.0,0.0,0.0,0.0,0.0,0.0,0.0
California,2020-12-11,36031.3125,227.25,0.0,0.0,0.0,0.0,0.0,0.0,0.0
California,2020-12-12,30334.0,126.0,0.0,0.0,0.0,0.0,0.0,0.0,0.0
California,2020-12-13,33970.75,77.0,0.0,0.0,0.0,0.0,0.0,0.0,0.0
California,2020-12-14,32326.0,142.0,0.0,0.0,0.0,0.0,0.0,0.0,0.0
California,2020-12-15,53715.0,293.0,0.0,0.0,0.0,0.0,0.0,0.0,0.0
California,2020-12-16,52287.25,407.75,0.0,0.0,0.0,0.0,0.0,0.0,0.0
California,2020-12-17,41017.25,300.0,0.0,0.0,0.0,0.0,0.0,0.0,0.0
California,2020-12-18,43608.0,272.0,0.0,0.0,0.0,0.0,0.0,0.0,0.0
California,2020-12-19,46474.0,161.0,0.0,0.0,0.0,0.0,0.0,0.0,0.0
California,2020-12-20,37893.25,83.0,0.0,0.0,0.0,0.0,0.0,0.0,0.0
California,2020-12-21,32659.0,247.0,0.0,0.0,0.0,0.0,0.0,0.0,0.0
California,2020-12-22,39069.0,361.0,0.0,0.0,0.0,0.0,0.0,0.0,0.0
California,2020-12-23,42779.75,351.0,0.0,0.0,0.0,0.0,0.0,0.0,0.0
California,2020-12-24,39144.0,312.0,0.0,0.0,0.0,0.0,0.0,0.0,0.0
California,2020-12-25,30375.0,37.5,0.0,0.0,0.0,0.0,0.0,0.0,0.0
California,2020-12-26,50141.0,237.0,0.0,0.0,0.0,0.0,0.0,0.0,0.0
California,2020-12-27,33188.75,64.0,0.0,0.0,0.0,0.0,0.0,0.0,0.0
California,2020-12-28,31261.1875,242.0,0.0,0.0,0.0,0.0,0.0,0.0,0.0
California,2020-12-29,32376.5,432.0,0.0,0.0,0.0,0.0,0.0,0.0,0.0
California,2020-12-30,27237.0,428.0,0.0,0.0,0.0,0.0,0.0,0.0,0.0
California,2020-12-31,47825.625,585.0,0.0,0.0,0.0,0.0,0.0,0.0,0.0
California,2021-01-01,53341.0,395.0,0.0,0.0,0.0,0.0,0.0,0.0,0.0
California,2021-01-02,45352.0,181.0,0.0,0.0,0.0,0.0,0.0,0.0,0.0
California,2021-01-03,29633.0,97.0,0.0,0.0,0.0,0.0,0.0,0.0,0.0
California,2021-01-04,31440.0,395.0,0.0,0.0,0.0,0.0,0.0,0.0,0.0
California,2021-01-05,31093.0,468.0,0.0,0.0,0.0,0.0,0.0,0.0,0.0
California,2021-01-06,36385.0,613.0,0.0,0.0,0.0,0.0,0.0,0.0,0.0
California,2021-01-07,50450.25,505.0,0.0,0.0,0.0,0.0,0.0,0.0,0.0
California,2021-01-08,53143.3125,708.0,0.0,0.0,0.0,0.0,0.0,0.0,0.0
California,2021-01-09,49685.0,468.0,0.0,0.0,0.0,0.0,0.0,0.0,0.0
California,2021-01-10,40243.828125,264.0,0.0,0.0,0.0,0.0,0.0,0.0,0.0
California,2021-01-11,36487.0,457.0,0.0,0.0,0.0,0.0,0.0,0.0,0.0
California,2021-01-12,34440.70703125,593.5,0.0,0.0,0.0,0.0,0.0,0.0,0.0
California,2021-01-13,36175.4267578125,552.0,0.0,0.0,0.0,0.0,0.0,0.0,0.0
California,2021-01-14,42846.283447265625,655.5,0.0,0.0,0.0,0.0,0.0,0.0,0.0
California,2021-01-15,40622.0,688.375,0.0,0.0,0.0,0.0,0.0,0.0,0.0
California,2021-01-16,44246.25,432.0,0.0,0.0,0.0,0.0,0.0,0.0,0.0
California,2021-01-17,30915.75,201.0,0.0,0.0,0.0,0.0,0.0,0.0,0.0
California,2021-01-18,24046.5625,146.0,0.0,0.0,0.0,0.0,0.0,0.0,0.0
California,2021-01-19,22403.0,694.0,0.0,0.0,0.0,0.0,0.0,0.0,0.0
California,2021-01-20,19934.109375,571.0,0.0,0.0,0.0,0.0,0.0,0.0,0.0
California,2021-01-21,23029.375,764.0,0.0,0.0,0.0,0.0,0.0,0.0,0.0
California,2021-01-22,23109.65234375,593.0,0.0,0.0,0.0,0.0,0.0,0.0,0.0
California,2021-01-23,25033.25,429.0,0.0,0.0,0.0,0.0,0.0,0.0,0.0
California,2021-01-24,27010.75,328.0,0.0,0.0,0.0,0.0,0.0,0.0,0.0
California,2021-01-25,17525.25,410.0,0.0,0.0,0.0,0.0,0.0,0.0,0.0
California,2021-01-26,16969.0625,697.0,0.0,0.0,0.0,0.0,0.0,0.0,0.0
California,2021-01-27,16696.0,737.0,0.0,0.0,0.0,0.0,0.0,0.0,0.0
California,2021-01-28,19338.5,617.0,0.0,0.0,0.0,0.0,0.0,0.0,0.0
California,2021-01-29,18427.0,638.0,0.0,0.0,0.0,0.0,0.0,0.0,0.0
California,2021-01-30,19219.0,481.0,0.0,0.0,0.0,0.0,0.0,0.0,0.0
California,2021-01-31,15540.1875,211.0,0.0,0.0,0.0,0.0,0.0,0.0,0.0
California,2021-02-01,12173.984375,422.0,0.0,0.0,0.0,0.0,0.0,0.0,0.0
California,2021-02-02,10648.29296875,481.0,0.0,0.0,0.0,0.0,0.0,0.0,0.0
California,2021-02-03,13200.25,655.0,0.0,0.0,0.0,0.0,0.0,0.0,0.0
California,2021-02-04,14116.0732421875,558.0,0.0,0.0,0.0,0.0,0.0,0.0,0.0
California,2021-02-05,12394.0,623.0,0.0,0.0,0.0,0.0,0.0,0.0,0.0
California,2021-02-06,15064.0,295.0,0.0,0.0,0.0,0.0,0.0,0.0,0.0
California,2021-02-07,10654.0,208.0,0.0,0.0,0.0,0.0,0.0,0.0,0.0
Oregon,2020-02-28,1.0,0.0,0.0,0.0,0.0,0.0,0.0,0.0,0.0
Oregon,2020-02-29,1.0,0.0,0.0,0.0,0.0,0.0,0.0,0.0,0.0
Oregon,2020-03-01,2.0,0.0,0.0,0.0,0.0,0.0,0.0,0.0,0.0
Oregon,2020-03-02,2.0,0.0,0.0,0.0,0.0,0.0,0.0,0.0,0.0
Oregon,2020-03-03,2.0,0.0,0.0,0.0,0.0,0.0,0.0,0.0,0.0
Oregon,2020-03-04,2.0,0.0,0.0,0.0,0.0,0.0,0.0,0.0,0.0
Oregon,2020-03-05,2.0,0.0,0.0,0.0,0.0,0.0,0.0,0.0,0.0
Oregon,2020-03-06,2.0,0.0,0.0,0.0,0.0,0.0,0.0,0.0,0.0
Oregon,2020-03-07,6.0,0.0,0.0,0.0,0.0,0.0,0.0,0.0,0.0
Oregon,2020-03-08,13.0,0.0,0.0,0.0,0.0,0.0,0.0,0.0,0.0
Oregon,2020-03-09,13.0,0.0,0.0,0.0,0.0,0.0,0.0,0.0,0.0
Oregon,2020-03-10,14.0,0.0,0.0,0.0,0.0,0.0,0.0,0.0,0.0
Oregon,2020-03-11,20.0,0.0,0.0,0.0,0.0,0.0,0.0,0.0,0.0
Oregon,2020-03-12,30.0,0.0,0.0,0.0,0.0,0.0,0.0,0.0,0.0
Oregon,2020-03-13,30.0,0.0,0.0,0.0,0.0,0.0,0.0,0.0,0.0
Oregon,2020-03-14,36.0,1.0,0.0,0.0,0.0,0.0,0.0,0.0,0.0
Oregon,2020-03-15,39.0,1.0,0.0,0.0,0.0,0.0,0.0,0.0,0.0
Oregon,2020-03-16,46.0,1.0,0.0,0.0,0.0,0.0,0.0,0.0,0.0
Oregon,2020-03-17,66.0,2.0,0.0,0.0,0.0,0.0,0.0,0.0,0.0
Oregon,2020-03-18,74.0,3.0,0.0,0.0,0.0,0.0,0.0,0.0,0.0
Oregon,2020-03-19,87.0,3.0,0.0,0.0,0.0,0.0,0.0,0.0,0.0
Oregon,2020-03-20,114.0,3.0,0.0,0.0,0.0,0.0,0.0,0.0,0.0
Oregon,2020-03-21,137.0,4.0,0.0,0.0,0.0,0.0,0.0,0.0,0.0
Oregon,2020-03-22,161.0,5.0,0.0,0.0,0.0,0.0,0.0,0.0,0.0
Oregon,2020-03-23,191.0,5.0,0.0,0.0,0.0,0.0,0.0,0.0,0.0
Oregon,2020-03-24,209.0,8.0,0.0,0.0,0.0,0.0,0.0,0.0,0.0
Oregon,2020-03-25,266.0,10.0,0.0,0.0,0.0,0.0,0.0,0.0,0.0
Oregon,2020-03-26,316.0,11.0,0.0,0.0,0.0,0.0,0.0,0.0,0.0
Oregon,2020-03-27,415.0,12.0,0.0,0.0,0.0,0.0,0.0,0.0,0.0
Oregon,2020-03-28,480.0,13.0,0.0,0.0,0.0,0.0,0.0,0.0,0.0
Oregon,2020-03-29,549.0,13.0,0.0,0.0,0.0,0.0,0.0,0.0,0.0
Oregon,2020-03-30,607.0,16.0,0.0,0.0,0.0,0.0,0.0,0.0,0.0
Oregon,2020-03-31,690.0,18.0,0.0,0.0,0.0,0.0,0.0,0.0,0.0
Oregon,2020-04-01,737.0,19.0,0.0,0.0,0.0,0.0,0.0,0.0,0.0
Oregon,2020-04-02,827.0,21.0,0.0,0.0,0.0,0.0,0.0,0.0,0.0
Oregon,2020-04-03,899.0,22.0,0.0,0.0,0.0,0.0,0.0,0.0,0.0
Oregon,2020-04-04,1000.0,26.0,0.0,0.0,0.0,0.0,0.0,0.0,0.0
Oregon,2020-04-05,1068.0,27.0,0.0,0.0,0.0,0.0,0.0,0.0,0.0
Oregon,2020-04-06,1132.0,29.0,0.0,0.0,0.0,0.0,0.0,0.0,0.0
Oregon,2020-04-07,1181.0,33.0,0.0,0.0,0.0,0.0,0.0,0.0,0.0
Oregon,2020-04-08,1239.0,38.0,0.0,0.0,0.0,0.0,0.0,0.0,0.0
Oregon,2020-04-09,1321.0,44.0,0.0,0.0,0.0,0.0,0.0,0.0,0.0
Oregon,2020-04-10,1371.0,48.0,0.0,0.0,0.0,0.0,0.0,0.0,0.0
Oregon,2020-04-11,1447.0,51.0,0.0,0.0,0.0,0.0,0.0,0.0,0.0
Oregon,2020-04-12,1527.0,52.0,0.0,0.0,0.0,0.0,0.0,0.0,0.0
Oregon,2020-04-13,1584.0,53.0,0.0,0.0,0.0,0.0,0.0,0.0,0.0
Oregon,2020-04-14,1633.0,55.0,0.0,0.0,0.0,0.0,0.0,0.0,0.0
Oregon,2020-04-15,1663.0,58.0,0.0,0.0,0.0,0.0,0.0,0.0,0.0
Oregon,2020-04-16,1736.0,64.0,0.0,0.0,0.0,0.0,0.0,0.0,0.0
Oregon,2020-04-17,1785.0,70.0,0.0,0.0,0.0,0.0,0.0,0.0,0.0
Oregon,2020-04-18,1844.0,72.0,0.0,0.0,0.0,0.0,0.0,0.0,0.0
Oregon,2020-04-19,1910.0,74.0,0.0,0.0,0.0,0.0,0.0,0.0,0.0
Oregon,2020-04-20,1956.0,75.0,0.0,0.0,0.0,0.0,0.0,0.0,0.0
Oregon,2020-04-21,2002.0,78.0,0.0,0.0,0.0,0.0,0.0,0.0,0.0
Oregon,2020-04-22,2059.0,78.0,0.0,0.0,0.0,0.0,0.0,0.0,0.0
Oregon,2020-04-23,2127.0,83.0,0.0,0.0,0.0,0.0,0.0,0.0,0.0
Oregon,2020-04-24,2177.0,86.0,0.0,0.0,0.0,0.0,0.0,0.0,0.0
Oregon,2020-04-25,2253.0,87.0,0.0,0.0,0.0,0.0,0.0,0.0,0.0
Oregon,2020-04-26,2311.0,91.0,0.0,0.0,0.0,0.0,0.0,0.0,0.0
Oregon,2020-04-27,2354.0,92.0,0.0,0.0,0.0,0.0,0.0,0.0,0.0
Oregon,2020-04-28,2385.0,99.0,0.0,0.0,0.0,0.0,0.0,0.0,0.0
Oregon,2020-04-29,2446.0,101.0,0.0,0.0,0.0,0.0,0.0,0.0,0.0
Oregon,2020-04-30,2510.0,103.0,0.0,0.0,0.0,0.0,0.0,0.0,0.0
Oregon,2020-05-01,2579.0,104.0,0.0,0.0,0.0,0.0,0.0,0.0,0.0
Oregon,2020-05-02,2635.0,109.0,0.0,0.0,0.0,0.0,0.0,0.0,0.0
Oregon,2020-05-03,2680.0,109.0,0.0,0.0,0.0,0.0,0.0,0.0,0.0
Oregon,2020-05-04,2759.0,109.0,0.0,0.0,0.0,0.0,0.0,0.0,0.0
Oregon,2020-05-05,2839.0,113.0,0.0,0.0,0.0,0.0,0.0,0.0,0.0
Oregon,2020-05-06,2916.0,115.0,0.0,0.0,0.0,0.0,0.0,0.0,0.0
Oregon,2020-05-07,2989.0,121.0,0.0,0.0,0.0,0.0,0.0,0.0,0.0
Oregon,2020-05-08,3068.0,124.0,0.0,0.0,0.0,0.0,0.0,0.0,0.0
Oregon,2020-05-09,3160.0,127.0,0.0,0.0,0.0,0.0,0.0,0.0,0.0
Oregon,2020-05-10,3228.0,127.0,0.0,0.0,0.0,0.0,0.0,0.0,0.0
Oregon,2020-05-11,3286.0,130.0,0.0,0.0,0.0,0.0,0.0,0.0,0.0
Oregon,2020-05-12,3359.0,130.0,0.0,0.0,0.0,0.0,0.0,0.0,0.0
Oregon,2020-05-13,3416.0,134.0,0.0,0.0,0.0,0.0,0.0,0.0,0.0
Oregon,2020-05-14,3479.0,137.0,0.0,0.0,0.0,0.0,0.0,0.0,0.0
Oregon,2020-05-15,3541.0,137.0,0.0,0.0,0.0,0.0,0.0,0.0,0.0
Oregon,2020-05-16,3612.0,137.0,0.0,0.0,0.0,0.0,0.0,0.0,0.0
Oregon,2020-05-17,3623.0,137.0,0.0,0.0,0.0,0.0,0.0,0.0,0.0
Oregon,2020-05-18,3687.0,138.0,0.0,0.0,0.0,0.0,0.0,0.0,0.0
Oregon,2020-05-19,3726.0,140.0,0.0,0.0,0.0,0.0,0.0,0.0,0.0
Oregon,2020-05-20,3801.0,144.0,0.0,0.0,0.0,0.0,0.0,0.0,0.0
Oregon,2020-05-21,3817.0,145.0,0.0,0.0,0.0,0.0,0.0,0.0,0.0
Oregon,2020-05-22,3864.0,147.0,0.0,0.0,0.0,0.0,0.0,0.0,0.0
Oregon,2020-05-23,3888.0,147.0,0.0,0.0,0.0,0.0,0.0,0.0,0.0
Oregon,2020-05-24,3927.0,148.0,0.0,0.0,0.0,0.0,0.0,0.0,0.0
Oregon,2020-05-25,3949.0,148.0,0.0,0.0,0.0,0.0,0.0,0.0,0.0
Oregon,2020-05-26,3968.0,148.0,0.0,0.0,0.0,0.0,0.0,0.0,0.0
Oregon,2020-05-27,4041.0,148.0,0.0,0.0,0.0,0.0,0.0,0.0,0.0
Oregon,2020-05-28,4087.0,151.0,0.0,0.0,0.0,0.0,0.0,0.0,0.0
Oregon,2020-05-29,4133.0,151.0,0.0,0.0,0.0,0.0,0.0,0.0,0.0
Oregon,2020-05-30,4185.0,153.0,0.0,0.0,0.0,0.0,0.0,0.0,0.0
Oregon,2020-05-31,4243.0,153.0,0.0,0.0,0.0,0.0,0.0,0.0,0.0
Oregon,2020-06-01,4303.0,154.0,0.0,0.0,0.0,0.0,0.0,0.0,0.0
Oregon,2020-06-02,4338.0,157.0,0.0,0.0,0.0,0.0,0.0,0.0,0.0
Oregon,2020-06-03,4399.0,159.0,0.0,0.0,0.0,0.0,0.0,0.0,0.0
Oregon,2020-06-04,4475.0,159.0,0.0,0.0,0.0,0.0,0.0,0.0,0.0
Oregon,2020-06-05,4585.0,161.0,0.0,0.0,0.0,0.0,0.0,0.0,0.0
Oregon,2020-06-06,4672.0,163.0,0.0,0.0,0.0,0.0,0.0,0.0,0.0
Oregon,2020-06-07,4809.0,164.0,0.0,0.0,0.0,0.0,0.0,0.0,0.0
Oregon,2020-06-08,4927.0,164.0,0.0,0.0,0.0,0.0,0.0,0.0,0.0
Oregon,2020-06-09,5027.0,169.0,0.0,0.0,0.0,0.0,0.0,0.0,0.0
Oregon,2020-06-10,5099.0,169.0,0.0,0.0,0.0,0.0,0.0,0.0,0.0
Oregon,2020-06-11,5252.0,171.0,0.0,0.0,0.0,0.0,0.0,0.0,0.0
Oregon,2020-06-12,5388.0,174.0,0.0,0.0,0.0,0.0,0.0,0.0,0.0
Oregon,2020-06-13,5543.0,175.0,0.0,0.0,0.0,0.0,0.0,0.0,0.0
Oregon,2020-06-14,5644.0,176.0,0.0,0.0,0.0,0.0,0.0,0.0,0.0
Oregon,2020-06-15,5831.0,180.0,0.0,0.0,0.0,0.0,0.0,0.0,0.0
Oregon,2020-06-16,6111.0,182.0,0.0,0.0,0.0,0.0,0.0,0.0,0.0
Oregon,2020-06-17,6235.0,183.0,0.0,0.0,0.0,0.0,0.0,0.0,0.0
Oregon,2020-06-18,6390.0,187.0,0.0,0.0,0.0,0.0,0.0,0.0,0.0
Oregon,2020-06-19,6592.0,188.0,0.0,0.0,0.0,0.0,0.0,0.0,0.0
Oregon,2020-06-20,6682.0,188.0,0.0,0.0,0.0,0.0,0.0,0.0,0.0
Oregon,2020-06-21,6945.0,190.0,0.0,0.0,0.0,0.0,0.0,0.0,0.0
Oregon,2020-06-22,7115.0,192.0,0.0,0.0,0.0,0.0,0.0,0.0,0.0
Oregon,2020-06-23,7317.0,192.0,0.0,0.0,0.0,0.0,0.0,0.0,0.0
Oregon,2020-06-24,7462.0,195.0,0.0,0.0,0.0,0.0,0.0,0.0,0.0
Oregon,2020-06-25,7605.0,199.0,0.0,0.0,0.0,0.0,0.0,0.0,0.0
Oregon,2020-06-26,8008.0,204.0,0.0,0.0,0.0,0.0,0.0,0.0,0.0
Oregon,2020-06-27,8110.0,204.0,0.0,0.0,0.0,0.0,0.0,0.0,0.0
Oregon,2020-06-28,8348.0,204.0,0.0,0.0,0.0,0.0,0.0,0.0,0.0
Oregon,2020-06-29,8509.0,207.0,0.0,0.0,0.0,0.0,0.0,0.0,0.0
Oregon,2020-06-30,8695.0,210.0,0.0,0.0,0.0,0.0,0.0,0.0,0.0
Oregon,2020-07-01,9019.0,211.0,0.0,0.0,0.0,0.0,0.0,0.0,0.0
Oregon,2020-07-02,9344.0,212.0,0.0,0.0,0.0,0.0,0.0,0.0,0.0
Oregon,2020-07-03,9643.0,215.0,0.0,0.0,0.0,0.0,0.0,0.0,0.0
Oregon,2020-07-04,9937.0,216.0,0.0,0.0,0.0,0.0,0.0,0.0,0.0
Oregon,2020-07-05,10237.0,218.0,0.0,0.0,0.0,0.0,0.0,0.0,0.0
Oregon,2020-07-06,10413.0,218.0,0.0,0.0,0.0,0.0,0.0,0.0,0.0
Oregon,2020-07-07,10654.0,224.0,0.0,0.0,0.0,0.0,0.0,0.0,0.0
Oregon,2020-07-08,10872.0,228.0,0.0,0.0,0.0,0.0,0.0,0.0,0.0
Oregon,2020-07-09,11247.0,233.0,0.0,0.0,0.0,0.0,0.0,0.0,0.0
Oregon,2020-07-10,11501.0,235.0,0.0,0.0,0.0,0.0,0.0,0.0,0.0
Oregon,2020-07-11,11851.0,235.0,0.0,0.0,0.0,0.0,0.0,0.0,0.0
Oregon,2020-07-12,12170.0,237.0,0.0,0.0,0.0,0.0,0.0,0.0,0.0
Oregon,2020-07-13,12511.0,240.0,0.0,0.0,0.0,0.0,0.0,0.0,0.0
Oregon,2020-07-14,12834.0,247.0,0.0,0.0,0.0,0.0,0.0,0.0,0.0
Oregon,2020-07-15,13129.0,249.0,0.0,0.0,0.0,0.0,0.0,0.0,0.0
Oregon,2020-07-16,13541.0,252.0,0.0,0.0,0.0,0.0,0.0,0.0,0.0
Oregon,2020-07-17,13842.0,256.0,0.0,0.0,0.0,0.0,0.0,0.0,0.0
Oregon,2020-07-18,14231.0,259.0,0.0,0.0,0.0,0.0,0.0,0.0,0.0
Oregon,2020-07-19,14586.0,262.0,0.0,0.0,0.0,0.0,0.0,0.0,0.0
Oregon,2020-07-20,14907.0,264.0,0.0,0.0,0.0,0.0,0.0,0.0,0.0
Oregon,2020-07-21,15257.0,272.0,0.0,0.0,0.0,0.0,0.0,0.0,0.0
Oregon,2020-07-22,15436.0,274.0,0.0,0.0,0.0,0.0,0.0,0.0,0.0
Oregon,2020-07-23,15765.0,277.0,0.0,0.0,0.0,0.0,0.0,0.0,0.0
Oregon,2020-07-24,16172.0,285.0,0.0,0.0,0.0,0.0,0.0,0.0,0.0
Oregon,2020-07-25,16492.0,286.0,0.0,0.0,0.0,0.0,0.0,0.0,0.0
Oregon,2020-07-26,16764.0,291.0,0.0,0.0,0.0,0.0,0.0,0.0,0.0
Oregon,2020-07-27,17122.0,289.0,0.0,0.0,0.0,0.0,0.0,0.0,0.0
Oregon,2020-07-28,17419.0,305.0,0.0,0.0,0.0,0.0,0.0,0.0,0.0
Oregon,2020-07-29,17805.0,313.0,0.0,0.0,0.0,0.0,0.0,0.0,0.0
Oregon,2020-07-30,18166.0,318.0,0.0,0.0,0.0,0.0,0.0,0.0,0.0
Oregon,2020-07-31,18510.0,325.0,0.0,0.0,0.0,0.0,0.0,0.0,0.0
Oregon,2020-08-01,18817.0,329.0,0.0,0.0,0.0,0.0,0.0,0.0,0.0
Oregon,2020-08-02,19097.0,331.0,0.0,0.0,0.0,0.0,0.0,0.0,0.0
Oregon,2020-08-03,19395.0,334.0,0.0,0.0,0.0,0.0,0.0,0.0,0.0
Oregon,2020-08-04,19700.0,336.0,0.0,0.0,0.0,0.0,0.0,0.0,0.0
Oregon,2020-08-05,19979.0,342.0,0.0,0.0,0.0,0.0,0.0,0.0,0.0
Oregon,2020-08-06,20250.0,343.0,0.0,0.0,0.0,0.0,0.0,0.0,0.0
Oregon,2020-08-07,20658.0,351.0,0.0,0.0,0.0,0.0,0.0,0.0,0.0
Oregon,2020-08-08,21011.0,358.0,0.0,0.0,0.0,0.0,0.0,0.0,0.0
Oregon,2020-08-09,21272.0,359.0,0.0,0.0,0.0,0.0,0.0,0.0,0.0
Oregon,2020-08-10,21488.0,362.0,0.0,0.0,0.0,0.0,0.0,0.0,0.0
Oregon,2020-08-11,21782.0,372.0,0.0,0.0,0.0,0.0,0.0,0.0,0.0
Oregon,2020-08-12,22029.0,378.0,0.0,0.0,0.0,0.0,0.0,0.0,0.0
Oregon,2020-08-13,22315.0,387.0,0.0,0.0,0.0,0.0,0.0,0.0,0.0
Oregon,2020-08-14,22614.0,388.0,0.0,0.0,0.0,0.0,0.0,0.0,0.0
Oregon,2020-08-15,23018.0,389.0,0.0,0.0,0.0,0.0,0.0,0.0,0.0
Oregon,2020-08-16,23262.0,389.0,0.0,0.0,0.0,0.0,0.0,0.0,0.0
Oregon,2020-08-17,23461.0,391.0,0.0,0.0,0.0,0.0,0.0,0.0,0.0
Oregon,2020-08-18,23685.0,399.0,0.0,0.0,0.0,0.0,0.0,0.0,0.0
Oregon,2020-08-19,23887.0,408.0,0.0,0.0,0.0,0.0,0.0,0.0,0.0
Oregon,2020-08-20,24176.0,412.0,0.0,0.0,0.0,0.0,0.0,0.0,0.0
Oregon,2020-08-21,24435.0,421.0,0.0,0.0,0.0,0.0,0.0,0.0,0.0
Oregon,2020-08-22,24711.0,422.0,0.0,0.0,0.0,0.0,0.0,0.0,0.0
Oregon,2020-08-23,24938.0,422.0,0.0,0.0,0.0,0.0,0.0,0.0,0.0
Oregon,2020-08-24,25174.0,432.0,0.0,0.0,0.0,0.0,0.0,0.0,0.0
Oregon,2020-08-25,25408.0,436.0,0.0,0.0,0.0,0.0,0.0,0.0,0.0
Oregon,2020-08-26,25575.0,438.0,0.0,0.0,0.0,0.0,0.0,0.0,0.0
Oregon,2020-08-27,25775.0,444.0,0.0,0.0,0.0,0.0,0.0,0.0,0.0
Oregon,2020-08-28,26069.0,457.0,0.0,0.0,0.0,0.0,0.0,0.0,0.0
Oregon,2020-08-29,26293.0,460.0,0.0,0.0,0.0,0.0,0.0,0.0,0.0
Oregon,2020-08-30,26554.0,463.0,0.0,0.0,0.0,0.0,0.0,0.0,0.0
Oregon,2020-08-31,26723.0,467.0,0.0,0.0,0.0,0.0,0.0,0.0,0.0
Oregon,2020-09-01,26958.0,467.0,0.0,0.0,0.0,0.0,0.0,0.0,0.0
Oregon,2020-09-02,27085.0,473.0,0.0,0.0,0.0,0.0,0.0,0.0,0.0
Oregon,2020-09-03,27356.0,475.0,0.0,0.0,0.0,0.0,0.0,0.0,0.0
Oregon,2020-09-04,27605.0,481.0,0.0,0.0,0.0,0.0,0.0,0.0,0.0
Oregon,2020-09-05,27857.0,482.0,0.0,0.0,0.0,0.0,0.0,0.0,0.0
Oregon,2020-09-06,28045.0,483.0,0.0,0.0,0.0,0.0,0.0,0.0,0.0
Oregon,2020-09-07,28191.0,487.0,0.0,0.0,0.0,0.0,0.0,0.0,0.0
Oregon,2020-09-08,28355.0,492.0,0.0,0.0,0.0,0.0,0.0,0.0,0.0
Oregon,2020-09-09,28474.0,499.0,0.0,0.0,0.0,0.0,0.0,0.0,0.0
Oregon,2020-09-10,28661.0,501.0,0.0,0.0,0.0,0.0,0.0,0.0,0.0
Oregon,2020-09-11,28888.0,500.0,0.0,0.0,0.0,0.0,0.0,0.0,0.0
Oregon,2020-09-12,29156.0,505.0,0.0,0.0,0.0,0.0,0.0,0.0,0.0
Oregon,2020-09-13,29337.0,509.0,0.0,0.0,0.0,0.0,0.0,0.0,0.0
Oregon,2020-09-14,29488.0,511.0,0.0,0.0,0.0,0.0,0.0,0.0,0.0
Oregon,2020-09-15,29664.0,519.0,0.0,0.0,0.0,0.0,0.0,0.0,0.0
Oregon,2020-09-16,29856.0,521.0,0.0,0.0,0.0,0.0,0.0,0.0,0.0
Oregon,2020-09-17,30068.0,521.0,0.0,0.0,0.0,0.0,0.0,0.0,0.0
Oregon,2020-09-18,30351.0,524.0,0.0,0.0,0.0,0.0,0.0,0.0,0.0
Oregon,2020-09-19,30600.0,527.0,0.0,0.0,0.0,0.0,0.0,0.0,0.0
Oregon,2020-09-20,30802.0,528.0,0.0,0.0,0.0,0.0,0.0,0.0,0.0
Oregon,2020-09-21,30999.0,532.0,0.0,0.0,0.0,0.0,0.0,0.0,0.0
Oregon,2020-09-22,31323.0,535.0,0.0,0.0,0.0,0.0,0.0,0.0,0.0
Oregon,2020-09-23,31513.0,538.0,0.0,0.0,0.0,0.0,0.0,0.0,0.0
Oregon,2020-09-24,31869.0,540.0,0.0,0.0,0.0,0.0,0.0,0.0,0.0
Oregon,2020-09-25,32328.0,545.0,0.0,0.0,0.0,0.0,0.0,0.0,0.0
Oregon,2020-09-26,32581.0,549.0,0.0,0.0,0.0,0.0,0.0,0.0,0.0
Oregon,2020-09-27,32820.0,549.0,0.0,0.0,0.0,0.0,0.0,0.0,0.0
Oregon,2020-09-28,32995.0,549.0,0.0,0.0,0.0,0.0,0.0,0.0,0.0
Oregon,2020-09-29,33297.0,555.0,0.0,0.0,0.0,0.0,0.0,0.0,0.0
Oregon,2020-09-30,33554.0,560.0,0.0,0.0,0.0,0.0,0.0,0.0,0.0
Oregon,2020-10-01,33865.0,561.0,0.0,0.0,0.0,0.0,0.0,0.0,0.0
Oregon,2020-10-02,34180.0,566.0,0.0,0.0,0.0,0.0,0.0,0.0,0.0
Oregon,2020-10-03,34512.0,572.0,0.0,0.0,0.0,0.0,0.0,0.0,0.0
Oregon,2020-10-04,34771.0,573.0,0.0,0.0,0.0,0.0,0.0,0.0,0.0
Oregon,2020-10-05,35056.0,574.0,0.0,0.0,0.0,0.0,0.0,0.0,0.0
Oregon,2020-10-06,35347.0,581.0,0.0,0.0,0.0,0.0,0.0,0.0,0.0
Oregon,2020-10-07,35646.0,585.0,0.0,0.0,0.0,0.0,0.0,0.0,0.0
Oregon,2020-10-08,36121.0,596.0,0.0,0.0,0.0,0.0,0.0,0.0,0.0
Oregon,2020-10-09,36538.0,600.0,0.0,0.0,0.0,0.0,0.0,0.0,0.0
Oregon,2020-10-10,36925.0,600.0,0.0,0.0,0.0,0.0,0.0,0.0,0.0
Oregon,2020-10-11,37263.0,600.0,0.0,0.0,0.0,0.0,0.0,0.0,0.0
Oregon,2020-10-12,37472.0,600.0,0.0,0.0,0.0,0.0,0.0,0.0,0.0
Oregon,2020-10-13,37788.0,605.0,0.0,0.0,0.0,0.0,0.0,0.0,0.0
Oregon,2020-10-14,38175.0,609.0,0.0,0.0,0.0,0.0,0.0,0.0,0.0
Oregon,2020-10-15,38536.0,613.0,0.0,0.0,0.0,0.0,0.0,0.0,0.0
Oregon,2020-10-16,38947.0,620.0,0.0,0.0,0.0,0.0,0.0,0.0,0.0
Oregon,2020-10-17,39316.0,622.0,0.0,0.0,0.0,0.0,0.0,0.0,0.0
Oregon,2020-10-18,39532.0,622.0,0.0,0.0,0.0,0.0,0.0,0.0,0.0
Oregon,2020-10-19,39799.0,630.0,0.0,0.0,0.0,0.0,0.0,0.0,0.0
Oregon,2020-10-20,40149.0,636.0,0.0,0.0,0.0,0.0,0.0,0.0,0.0
Oregon,2020-10-21,40458.0,638.0,0.0,0.0,0.0,0.0,0.0,0.0,0.0
Oregon,2020-10-22,40825.0,647.0,0.0,0.0,0.0,0.0,0.0,0.0,0.0
Oregon,2020-10-23,41357.0,651.0,0.0,0.0,0.0,0.0,0.0,0.0,0.0
Oregon,2020-10-24,41739.0,654.0,0.0,0.0,0.0,0.0,0.0,0.0,0.0
Oregon,2020-10-25,42101.0,654.0,0.0,0.0,0.0,0.0,0.0,0.0,0.0
Oregon,2020-10-26,42454.0,657.0,0.0,0.0,0.0,0.0,0.0,0.0,0.0
Oregon,2020-10-27,42821.0,665.0,0.0,0.0,0.0,0.0,0.0,0.0,0.0
Oregon,2020-10-28,43228.0,673.0,0.0,0.0,0.0,0.0,0.0,0.0,0.0
Oregon,2020-10-29,43793.0,674.0,0.0,0.0,0.0,0.0,0.0,0.0,0.0
Oregon,2020-10-30,44388.0,677.0,0.0,0.0,0.0,0.0,0.0,0.0,0.0
Oregon,2020-10-31,44923.0,690.0,0.0,0.0,0.0,0.0,0.0,0.0,0.0
Oregon,2020-11-01,45419.0,691.0,0.0,0.0,0.0,0.0,0.0,0.0,0.0
Oregon,2020-11-02,45978.0,694.0,0.0,0.0,0.0,0.0,0.0,0.0,0.0
Oregon,2020-11-03,46460.0,701.0,0.0,0.0,0.0,0.0,0.0,0.0,0.0
Oregon,2020-11-04,47049.0,707.0,0.0,0.0,0.0,0.0,0.0,0.0,0.0
Oregon,2020-11-05,47839.0,710.0,0.0,0.0,0.0,0.0,0.0,0.0,0.0
Oregon,2020-11-06,48608.0,716.0,0.0,0.0,0.0,0.0,0.0,0.0,0.0
Oregon,2020-11-07,49587.0,729.0,0.0,0.0,0.0,0.0,0.0,0.0,0.0
Oregon,2020-11-08,50448.0,730.0,0.0,0.0,0.0,0.0,0.0,0.0,0.0
Oregon,2020-11-09,51155.0,738.0,0.0,0.0,0.0,0.0,0.0,0.0,0.0
Oregon,2020-11-10,51909.0,741.0,0.0,0.0,0.0,0.0,0.0,0.0,0.0
Oregon,2020-11-11,52770.0,746.0,0.0,0.0,0.0,0.0,0.0,0.0,0.0
Oregon,2020-11-12,53879.0,748.0,0.0,0.0,0.0,0.0,0.0,0.0,0.0
Oregon,2020-11-13,54937.0,759.0,0.0,0.0,0.0,0.0,0.0,0.0,0.0
Oregon,2020-11-14,56018.0,760.0,0.0,0.0,0.0,0.0,0.0,0.0,0.0
Oregon,2020-11-15,56880.0,762.0,0.0,0.0,0.0,0.0,0.0,0.0,0.0
Oregon,2020-11-16,57646.0,772.0,0.0,0.0,0.0,0.0,0.0,0.0,0.0
Oregon,2020-11-17,58570.0,779.0,0.0,0.0,0.0,0.0,0.0,0.0,0.0
Oregon,2020-11-18,59670.0,791.0,0.0,0.0,0.0,0.0,0.0,0.0,0.0
Oregon,2020-11-19,60874.0,809.0,0.0,0.0,0.0,0.0,0.0,0.0,0.0
Oregon,2020-11-20,62176.0,815.0,0.0,0.0,0.0,0.0,0.0,0.0,0.0
Oregon,2020-11-21,63668.0,822.0,0.0,0.0,0.0,0.0,0.0,0.0,0.0
Oregon,2020-11-22,65170.0,822.0,0.0,0.0,0.0,0.0,0.0,0.0,0.0
Oregon,2020-11-23,66334.0,830.0,0.0,0.0,0.0,0.0,0.0,0.0,0.0
Oregon,2020-11-24,67337.0,848.0,0.0,0.0,0.0,0.0,0.0,0.0,0.0
Oregon,2020-11-25,68504.0,871.0,0.0,0.0,0.0,0.0,0.0,0.0,0.0
Oregon,2020-11-26,70006.0,884.0,0.0,0.0,0.0,0.0,0.0,0.0,0.0
Oregon,2020-11-27,70833.0,890.0,0.0,0.0,0.0,0.0,0.0,0.0,0.0
Oregon,2020-11-28,72506.0,899.0,0.0,0.0,0.0,0.0,0.0,0.0,0.0
Oregon,2020-11-29,74120.0,907.0,0.0,0.0,0.0,0.0,0.0,0.0,0.0
Oregon,2020-11-30,75454.0,919.0,0.0,0.0,0.0,0.0,0.0,0.0,0.0
Oregon,2020-12-01,76655.0,938.0,0.0,0.0,0.0,0.0,0.0,0.0,0.0
Oregon,2020-12-02,78206.0,962.0,0.0,0.0,0.0,0.0,0.0,0.0,0.0
Oregon,2020-12-03,79294.0,974.0,0.0,0.0,0.0,0.0,0.0,0.0,0.0
Oregon,2020-12-04,81441.0,1004.0,0.0,0.0,0.0,0.0,0.0,0.0,0.0
Oregon,2020-12-05,83243.0,1027.0,0.0,0.0,0.0,0.0,0.0,0.0,0.0
Oregon,2020-12-06,84496.0,1033.0,0.0,0.0,0.0,0.0,0.0,0.0,0.0
Oregon,2020-12-07,85803.0,1049.0,0.0,0.0,0.0,0.0,0.0,0.0,0.0
Oregon,2020-12-08,87082.0,1082.0,0.0,0.0,0.0,0.0,0.0,0.0,0.0
Oregon,2020-12-09,88308.0,1112.0,0.0,0.0,0.0,0.0,0.0,0.0,0.0
Oregon,2020-12-10,89838.0,1124.0,0.0,0.0,0.0,0.0,0.0,0.0,0.0
Oregon,2020-12-11,91434.0,1147.0,0.0,0.0,0.0,0.0,0.0,0.0,0.0
Oregon,2020-12-12,92839.0,1155.0,0.0,0.0,0.0,0.0,0.0,0.0,0.0
Oregon,2020-12-13,93853.0,1158.0,0.0,0.0,0.0,0.0,0.0,0.0,0.0
Oregon,2020-12-14,95042.0,1168.0,0.0,0.0,0.0,0.0,0.0,0.0,0.0
Oregon,2020-12-15,96093.0,1213.0,0.0,0.0,0.0,0.0,0.0,0.0,0.0
Oregon,2020-12-16,97625.0,1267.0,0.0,0.0,0.0,0.0,0.0,0.0,0.0
Oregon,2020-12-17,98937.0,1284.0,0.0,0.0,0.0,0.0,0.0,0.0,0.0
Oregon,2020-12-18,100309.0,1306.0,0.0,0.0,0.0,0.0,0.0,0.0,0.0
Oregon,2020-12-19,101814.0,1340.0,0.0,0.0,0.0,0.0,0.0,0.0,0.0
Oregon,2020-12-20,102930.0,1341.0,0.0,0.0,0.0,0.0,0.0,0.0,0.0
Oregon,2020-12-21,103880.0,1351.0,0.0,0.0,0.0,0.0,0.0,0.0,0.0
Oregon,2020-12-22,105091.0,1382.0,0.0,0.0,0.0,0.0,0.0,0.0,0.0
Oregon,2020-12-23,106020.0,1409.0,0.0,0.0,0.0,0.0,0.0,0.0,0.0
Oregon,2020-12-24,106822.0,1417.0,0.0,0.0,0.0,0.0,0.0,0.0,0.0
Oregon,2020-12-25,107833.0,1431.0,0.0,0.0,0.0,0.0,0.0,0.0,0.0
Oregon,2020-12-26,108348.0,1431.0,0.0,0.0,0.0,0.0,0.0,0.0,0.0
Oregon,2020-12-27,109734.0,1436.0,0.0,0.0,0.0,0.0,0.0,0.0,0.0
Oregon,2020-12-28,110303.0,1438.0,0.0,0.0,0.0,0.0,0.0,0.0,0.0
Oregon,2020-12-29,111258.0,1457.0,0.0,0.0,0.0,0.0,0.0,0.0,0.0
Oregon,2020-12-30,112301.0,1478.0,0.0,0.0,0.0,0.0,0.0,0.0,0.0
Oregon,2020-12-31,113929.0,1485.0,0.0,0.0,0.0,0.0,0.0,0.0,0.0
Oregon,2021-01-01,115377.0,1501.0,0.0,0.0,0.0,0.0,0.0,0.0,0.0
Oregon,2021-01-02,116348.0,1503.0,0.0,0.0,0.0,0.0,0.0,0.0,0.0
Oregon,2021-01-03,117745.0,1510.0,0.0,0.0,0.0,0.0,0.0,0.0,0.0
Oregon,2021-01-04,118473.0,1517.0,0.0,0.0,0.0,0.0,0.0,0.0,0.0
Oregon,2021-01-05,119508.0,1550.0,0.0,0.0,0.0,0.0,0.0,0.0,0.0
Oregon,2021-01-06,120243.0,1571.0,0.0,0.0,0.0,0.0,0.0,0.0,0.0
Oregon,2021-01-07,121087.0,1577.0,0.0,0.0,0.0,0.0,0.0,0.0,0.0
Oregon,2021-01-08,122847.0,1590.0,0.0,0.0,0.0,0.0,0.0,0.0,0.0
Oregon,2021-01-09,124476.0,1607.0,0.0,0.0,0.0,0.0,0.0,0.0,0.0
Oregon,2021-01-10,125683.0,1607.0,0.0,0.0,0.0,0.0,0.0,0.0,0.0
Oregon,2021-01-11,126607.0,1628.0,0.0,0.0,0.0,0.0,0.0,0.0,0.0
Oregon,2021-01-12,127791.0,1669.0,0.0,0.0,0.0,0.0,0.0,0.0,0.0
Oregon,2021-01-13,129109.0,1716.0,0.0,0.0,0.0,0.0,0.0,0.0,0.0
Oregon,2021-01-14,130246.0,1737.0,0.0,0.0,0.0,0.0,0.0,0.0,0.0
Oregon,2021-01-15,131296.0,1763.0,0.0,0.0,0.0,0.0,0.0,0.0,0.0
Oregon,2021-01-16,132412.0,1800.0,0.0,0.0,0.0,0.0,0.0,0.0,0.0
Oregon,2021-01-17,133205.0,1801.0,0.0,0.0,0.0,0.0,0.0,0.0,0.0
Oregon,2021-01-18,133851.0,1811.0,0.0,0.0,0.0,0.0,0.0,0.0,0.0
Oregon,2021-01-19,134468.0,1816.0,0.0,0.0,0.0,0.0,0.0,0.0,0.0
Oregon,2021-01-20,135143.0,1841.0,0.0,0.0,0.0,0.0,0.0,0.0,0.0
Oregon,2021-01-21,135973.0,1850.0,0.0,0.0,0.0,0.0,0.0,0.0,0.0
Oregon,2021-01-22,136839.0,1874.0,0.0,0.0,0.0,0.0,0.0,0.0,0.0
Oregon,2021-01-23,137600.0,1882.0,0.0,0.0,0.0,0.0,0.0,0.0,0.0
Oregon,2021-01-24,138168.0,1885.0,0.0,0.0,0.0,0.0,0.0,0.0,0.0
Oregon,2021-01-25,138587.0,1892.0,0.0,0.0,0.0,0.0,0.0,0.0,0.0
Oregon,2021-01-26,139355.0,1909.0,0.0,0.0,0.0,0.0,0.0,0.0,0.0
Oregon,2021-01-27,140063.0,1936.0,0.0,0.0,0.0,0.0,0.0,0.0,0.0
Oregon,2021-01-28,140783.0,1946.0,0.0,0.0,0.0,0.0,0.0,0.0,0.0
Oregon,2021-01-29,141729.0,1956.0,0.0,0.0,0.0,0.0,0.0,0.0,0.0
Oregon,2021-01-30,142417.0,1972.0,0.0,0.0,0.0,0.0,0.0,0.0,0.0
Oregon,2021-01-31,142417.0,1972.0,0.0,0.0,0.0,0.0,0.0,0.0,0.0
Oregon,2021-02-01,143373.0,1980.0,0.0,0.0,0.0,0.0,0.0,0.0,0.0
Oregon,2021-02-02,143978.0,2001.0,0.0,0.0,0.0,0.0,0.0,0.0,0.0
Oregon,2021-02-03,144605.0,2011.0,0.0,0.0,0.0,0.0,0.0,0.0,0.0
Oregon,2021-02-04,145322.0,2018.0,0.0,0.0,0.0,0.0,0.0,0.0,0.0
Oregon,2021-02-05,146137.0,2022.0,0.0,0.0,0.0,0.0,0.0,0.0,0.0
Oregon,2021-02-06,146741.0,2032.0,0.0,0.0,0.0,0.0,0.0,0.0,0.0
Oregon,2021-02-07,147122.0,2034.0,0.0,0.0,0.0,0.0,0.0,0.0,0.0
Washington,2020-01-21,1.0,0.0,0.0,0.0,0.0,0.0,0.0,0.0,0.0
Washington,2020-01-22,1.0,0.0,0.0,0.0,0.0,0.0,0.0,0.0,0.0
Washington,2020-01-23,1.0,0.0,0.0,0.0,0.0,0.0,0.0,0.0,0.0
Washington,2020-01-24,1.0,0.0,0.0,0.0,0.0,0.0,0.0,0.0,0.0
Washington,2020-01-25,1.0,0.0,0.0,0.0,0.0,0.0,0.0,0.0,0.0
Washington,2020-01-26,1.0,0.0,0.0,0.0,0.0,0.0,0.0,0.0,0.0
Washington,2020-01-27,1.0,0.0,0.0,0.0,0.0,0.0,0.0,0.0,0.0
Washington,2020-01-28,1.0,0.0,0.0,0.0,0.0,0.0,0.0,0.0,0.0
Washington,2020-01-29,1.0,0.0,0.0,0.0,0.0,0.0,0.0,0.0,0.0
Washington,2020-01-30,1.0,0.0,0.0,0.0,0.0,0.0,0.0,0.0,0.0
Washington,2020-01-31,1.0,0.0,0.0,0.0,0.0,0.0,0.0,0.0,0.0
Washington,2020-02-01,1.0,0.0,0.0,0.0,0.0,0.0,0.0,0.0,0.0
Washington,2020-02-02,1.0,0.0,0.0,0.0,0.0,0.0,0.0,0.0,0.0
Washington,2020-02-03,1.0,0.0,0.0,0.0,0.0,0.0,0.0,0.0,0.0
Washington,2020-02-04,1.0,0.0,0.0,0.0,0.0,0.0,0.0,0.0,0.0
Washington,2020-02-05,1.0,0.0,0.0,0.0,0.0,0.0,0.0,0.0,0.0
Washington,2020-02-06,1.0,0.0,0.0,0.0,0.0,0.0,0.0,0.0,0.0
Washington,2020-02-07,1.0,0.0,0.0,0.0,0.0,0.0,0.0,0.0,0.0
Washington,2020-02-08,1.0,0.0,0.0,0.0,0.0,0.0,0.0,0.0,0.0
Washington,2020-02-09,1.0,0.0,0.0,0.0,0.0,0.0,0.0,0.0,0.0
Washington,2020-02-10,1.0,0.0,0.0,0.0,0.0,0.0,0.0,0.0,0.0
Washington,2020-02-11,1.0,0.0,0.0,0.0,0.0,0.0,0.0,0.0,0.0
Washington,2020-02-12,1.0,0.0,0.0,0.0,0.0,0.0,0.0,0.0,0.0
Washington,2020-02-13,1.0,0.0,0.0,0.0,0.0,0.0,0.0,0.0,0.0
Washington,2020-02-14,1.0,0.0,0.0,0.0,0.0,0.0,0.0,0.0,0.0
Washington,2020-02-15,1.0,0.0,0.0,0.0,0.0,0.0,0.0,0.0,0.0
Washington,2020-02-16,1.0,0.0,0.0,0.0,0.0,0.0,0.0,0.0,0.0
Washington,2020-02-17,1.0,0.0,0.0,0.0,0.0,0.0,0.0,0.0,0.0
Washington,2020-02-18,1.0,0.0,0.0,0.0,0.0,0.0,0.0,0.0,0.0
Washington,2020-02-19,1.0,0.0,0.0,0.0,0.0,0.0,0.0,0.0,0.0
Washington,2020-02-20,1.0,0.0,0.0,0.0,0.0,0.0,0.0,0.0,0.0
Washington,2020-02-21,1.0,0.0,0.0,0.0,0.0,0.0,0.0,0.0,0.0
Washington,2020-02-22,1.0,0.0,0.0,0.0,0.0,0.0,0.0,0.0,0.0
Washington,2020-02-23,1.0,0.0,0.0,0.0,0.0,0.0,0.0,0.0,0.0
Washington,2020-02-24,5.0,0.0,0.0,0.0,0.0,0.0,0.0,0.0,0.0
Washington,2020-02-25,5.0,0.0,0.0,0.0,0.0,0.0,0.0,0.0,0.0
Washington,2020-02-26,5.0,0.0,0.0,0.0,0.0,0.0,0.0,0.0,0.0
Washington,2020-02-27,5.0,0.0,0.0,0.0,0.0,0.0,0.0,0.0,0.0
Washington,2020-02-28,7.0,0.0,0.0,0.0,0.0,0.0,0.0,0.0,0.0
Washington,2020-02-29,10.0,1.0,0.0,0.0,0.0,0.0,0.0,0.0,0.0
Washington,2020-03-01,17.0,3.0,0.0,0.0,0.0,0.0,0.0,0.0,0.0
Washington,2020-03-02,23.0,6.0,0.0,0.0,0.0,0.0,0.0,0.0,0.0
Washington,2020-03-03,32.0,10.0,0.0,0.0,0.0,0.0,0.0,0.0,0.0
Washington,2020-03-04,47.0,11.0,0.0,0.0,0.0,0.0,0.0,0.0,0.0
Washington,2020-03-05,75.0,11.0,0.0,0.0,0.0,0.0,0.0,0.0,0.0
Washington,2020-03-06,86.0,12.0,0.0,0.0,0.0,0.0,0.0,0.0,0.0
Washington,2020-03-07,110.0,16.0,0.0,0.0,0.0,0.0,0.0,0.0,0.0
Washington,2020-03-08,141.0,19.0,0.0,0.0,0.0,0.0,0.0,0.0,0.0
Washington,2020-03-09,179.0,22.0,0.0,0.0,0.0,0.0,0.0,0.0,0.0
Washington,2020-03-10,279.0,24.0,0.0,0.0,0.0,0.0,0.0,0.0,0.0
Washington,2020-03-11,338.0,29.0,0.0,0.0,0.0,0.0,0.0,0.0,0.0
Washington,2020-03-12,419.0,32.0,0.0,0.0,0.0,0.0,0.0,0.0,0.0
Washington,2020-03-13,511.0,37.0,0.0,0.0,0.0,0.0,0.0,0.0,0.0
Washington,2020-03-14,609.0,40.0,0.0,0.0,0.0,0.0,0.0,0.0,0.0
Washington,2020-03-15,675.0,42.0,0.0,0.0,0.0,0.0,0.0,0.0,0.0
Washington,2020-03-16,794.0,48.0,0.0,0.0,0.0,0.0,0.0,0.0,0.0
Washington,2020-03-17,908.0,54.0,0.0,0.0,0.0,0.0,0.0,0.0,0.0
Washington,2020-03-18,1026.0,68.0,0.0,0.0,0.0,0.0,0.0,0.0,0.0
Washington,2020-03-19,1228.0,75.0,0.0,0.0,0.0,0.0,0.0,0.0,0.0
Washington,2020-03-20,1404.0,83.0,0.0,0.0,0.0,0.0,0.0,0.0,0.0
Washington,2020-03-21,1655.0,95.0,0.0,0.0,0.0,0.0,0.0,0.0,0.0
Washington,2020-03-22,1844.0,97.0,0.0,0.0,0.0,0.0,0.0,0.0,0.0
Washington,2020-03-23,2101.0,110.0,0.0,0.0,0.0,0.0,0.0,0.0,0.0
Washington,2020-03-24,2469.0,123.0,0.0,0.0,0.0,0.0,0.0,0.0,0.0
Washington,2020-03-25,2585.0,130.0,0.0,0.0,0.0,0.0,0.0,0.0,0.0
Washington,2020-03-26,3208.0,152.0,0.0,0.0,0.0,0.0,0.0,0.0,0.0
Washington,2020-03-27,3770.0,179.0,0.0,0.0,0.0,0.0,0.0,0.0,0.0
Washington,2020-03-28,4311.0,193.0,0.0,0.0,0.0,0.0,0.0,0.0,0.0
Washington,2020-03-29,4897.0,209.0,0.0,0.0,0.0,0.0,0.0,0.0,0.0
Washington,2020-03-30,5180.0,221.0,0.0,0.0,0.0,0.0,0.0,0.0,0.0
Washington,2020-03-31,5293.0,226.0,0.0,0.0,0.0,0.0,0.0,0.0,0.0
Washington,2020-04-01,5589.0,250.0,0.0,0.0,0.0,0.0,0.0,0.0,0.0
Washington,2020-04-02,6586.0,272.0,0.0,0.0,0.0,0.0,0.0,0.0,0.0
Washington,2020-04-03,6967.0,293.0,0.0,0.0,0.0,0.0,0.0,0.0,0.0
Washington,2020-04-04,7499.0,318.0,0.0,0.0,0.0,0.0,0.0,0.0,0.0
Washington,2020-04-05,7985.0,344.0,0.0,0.0,0.0,0.0,0.0,0.0,0.0
Washington,2020-04-06,8385.0,383.0,0.0,0.0,0.0,0.0,0.0,0.0,0.0
Washington,2020-04-07,8683.0,409.0,0.0,0.0,0.0,0.0,0.0,0.0,0.0
Washington,2020-04-08,9098.0,430.0,0.0,0.0,0.0,0.0,0.0,0.0,0.0
Washington,2020-04-09,9609.0,456.0,0.0,0.0,0.0,0.0,0.0,0.0,0.0
Washington,2020-04-10,9888.0,483.0,0.0,0.0,0.0,0.0,0.0,0.0,0.0
Washington,2020-04-11,10227.0,498.0,0.0,0.0,0.0,0.0,0.0,0.0,0.0
Washington,2020-04-12,10414.0,511.0,0.0,0.0,0.0,0.0,0.0,0.0,0.0
Washington,2020-04-13,10547.0,525.0,0.0,0.0,0.0,0.0,0.0,0.0,0.0
Washington,2020-04-14,10711.0,552.0,0.0,0.0,0.0,0.0,0.0,0.0,0.0
Washington,2020-04-15,10806.0,572.0,0.0,0.0,0.0,0.0,0.0,0.0,0.0
Washington,2020-04-16,11180.0,588.0,0.0,0.0,0.0,0.0,0.0,0.0,0.0
Washington,2020-04-17,11479.0,610.0,0.0,0.0,0.0,0.0,0.0,0.0,0.0
Washington,2020-04-18,11850.0,629.0,0.0,0.0,0.0,0.0,0.0,0.0,0.0
Washington,2020-04-19,11864.0,637.0,0.0,0.0,0.0,0.0,0.0,0.0,0.0
Washington,2020-04-20,12255.0,661.0,0.0,0.0,0.0,0.0,0.0,0.0,0.0
Washington,2020-04-21,12410.0,683.0,0.0,0.0,0.0,0.0,0.0,0.0,0.0
Washington,2020-04-22,12606.0,696.0,0.0,0.0,0.0,0.0,0.0,0.0,0.0
Washington,2020-04-23,12981.0,717.0,0.0,0.0,0.0,0.0,0.0,0.0,0.0
Washington,2020-04-24,13197.0,731.0,0.0,0.0,0.0,0.0,0.0,0.0,0.0
Washington,2020-04-25,13565.0,743.0,0.0,0.0,0.0,0.0,0.0,0.0,0.0
Washington,2020-04-26,13744.0,757.0,0.0,0.0,0.0,0.0,0.0,0.0,0.0
Washington,2020-04-27,13958.0,771.0,0.0,0.0,0.0,0.0,0.0,0.0,0.0
Washington,2020-04-28,14165.0,792.0,0.0,0.0,0.0,0.0,0.0,0.0,0.0
Washington,2020-04-29,14490.0,805.0,0.0,0.0,0.0,0.0,0.0,0.0,0.0
Washington,2020-04-30,14814.0,822.0,0.0,0.0,0.0,0.0,0.0,0.0,0.0
Washington,2020-05-01,15134.0,829.0,0.0,0.0,0.0,0.0,0.0,0.0,0.0
Washington,2020-05-02,15383.0,833.0,0.0,0.0,0.0,0.0,0.0,0.0,0.0
Washington,2020-05-03,15943.0,840.0,0.0,0.0,0.0,0.0,0.0,0.0,0.0
Washington,2020-05-04,16047.0,846.0,0.0,0.0,0.0,0.0,0.0,0.0,0.0
Washington,2020-05-05,16234.0,863.0,0.0,0.0,0.0,0.0,0.0,0.0,0.0
Washington,2020-05-06,16873.0,881.0,0.0,0.0,0.0,0.0,0.0,0.0,0.0
Washington,2020-05-07,17187.0,903.0,0.0,0.0,0.0,0.0,0.0,0.0,0.0
Washington,2020-05-08,17477.0,915.0,0.0,0.0,0.0,0.0,0.0,0.0,0.0
Washington,2020-05-09,17629.0,925.0,0.0,0.0,0.0,0.0,0.0,0.0,0.0
Washington,2020-05-10,17781.0,939.0,0.0,0.0,0.0,0.0,0.0,0.0,0.0
Washington,2020-05-11,18172.0,957.0,0.0,0.0,0.0,0.0,0.0,0.0,0.0
Washington,2020-05-12,18382.0,972.0,0.0,0.0,0.0,0.0,0.0,0.0,0.0
Washington,2020-05-13,18492.0,977.0,0.0,0.0,0.0,0.0,0.0,0.0,0.0
Washington,2020-05-14,18861.0,991.0,0.0,0.0,0.0,0.0,0.0,0.0,0.0
Washington,2020-05-15,19131.0,1008.0,0.0,0.0,0.0,0.0,0.0,0.0,0.0
Washington,2020-05-16,19336.0,1015.0,0.0,0.0,0.0,0.0,0.0,0.0,0.0
Washington,2020-05-17,19514.0,1016.0,0.0,0.0,0.0,0.0,0.0,0.0,0.0
Washington,2020-05-18,19756.0,1020.0,0.0,0.0,0.0,0.0,0.0,0.0,0.0
Washington,2020-05-19,19988.0,1042.0,0.0,0.0,0.0,0.0,0.0,0.0,0.0
Washington,2020-05-20,20110.0,1045.0,0.0,0.0,0.0,0.0,0.0,0.0,0.0
Washington,2020-05-21,20280.0,1054.0,0.0,0.0,0.0,0.0,0.0,0.0,0.0
Washington,2020-05-22,20526.0,1061.0,0.0,0.0,0.0,0.0,0.0,0.0,0.0
Washington,2020-05-23,20740.0,1062.0,0.0,0.0,0.0,0.0,0.0,0.0,0.0
Washington,2020-05-24,20989.0,1069.0,0.0,0.0,0.0,0.0,0.0,0.0,0.0
Washington,2020-05-25,21265.0,1076.0,0.0,0.0,0.0,0.0,0.0,0.0,0.0
Washington,2020-05-26,21538.0,1091.0,0.0,0.0,0.0,0.0,0.0,0.0,0.0
Washington,2020-05-27,21825.0,1106.0,0.0,0.0,0.0,0.0,0.0,0.0,0.0
Washington,2020-05-28,22091.0,1116.0,0.0,0.0,0.0,0.0,0.0,0.0,0.0
Washington,2020-05-29,22377.0,1120.0,0.0,0.0,0.0,0.0,0.0,0.0,0.0
Washington,2020-05-30,22618.0,1126.0,0.0,0.0,0.0,0.0,0.0,0.0,0.0
Washington,2020-05-31,22814.0,1126.0,0.0,0.0,0.0,0.0,0.0,0.0,0.0
Washington,2020-06-01,23272.0,1133.0,0.0,0.0,0.0,0.0,0.0,0.0,0.0
Washington,2020-06-02,23608.0,1139.0,0.0,0.0,0.0,0.0,0.0,0.0,0.0
Washington,2020-06-03,23776.0,1145.0,0.0,0.0,0.0,0.0,0.0,0.0,0.0
Washington,2020-06-04,23999.0,1150.0,0.0,0.0,0.0,0.0,0.0,0.0,0.0
Washington,2020-06-05,24546.0,1160.0,0.0,0.0,0.0,0.0,0.0,0.0,0.0
Washington,2020-06-06,24767.0,1163.0,0.0,0.0,0.0,0.0,0.0,0.0,0.0
Washington,2020-06-07,25064.0,1163.0,0.0,0.0,0.0,0.0,0.0,0.0,0.0
Washington,2020-06-08,25593.0,1168.0,0.0,0.0,0.0,0.0,0.0,0.0,0.0
Washington,2020-06-09,25796.0,1181.0,0.0,0.0,0.0,0.0,0.0,0.0,0.0
Washington,2020-06-10,25940.0,1183.0,0.0,0.0,0.0,0.0,0.0,0.0,0.0
Washington,2020-06-11,26172.0,1198.0,0.0,0.0,0.0,0.0,0.0,0.0,0.0
Washington,2020-06-12,26576.0,1207.0,0.0,0.0,0.0,0.0,0.0,0.0,0.0
Washington,2020-06-13,26920.0,1216.0,0.0,0.0,0.0,0.0,0.0,0.0,0.0
Washington,2020-06-14,27135.0,1220.0,0.0,0.0,0.0,0.0,0.0,0.0,0.0
Washington,2020-06-15,27577.0,1223.0,0.0,0.0,0.0,0.0,0.0,0.0,0.0
Washington,2020-06-16,27949.0,1234.0,0.0,0.0,0.0,0.0,0.0,0.0,0.0
Washington,2020-06-17,28270.0,1229.0,0.0,0.0,0.0,0.0,0.0,0.0,0.0
Washington,2020-06-18,28663.0,1246.0,0.0,0.0,0.0,0.0,0.0,0.0,0.0
Washington,2020-06-19,29045.0,1258.0,0.0,0.0,0.0,0.0,0.0,0.0,0.0
Washington,2020-06-20,29466.0,1268.0,0.0,0.0,0.0,0.0,0.0,0.0,0.0
Washington,2020-06-21,29797.0,1271.0,0.0,0.0,0.0,0.0,0.0,0.0,0.0
Washington,2020-06-22,30443.0,1277.0,0.0,0.0,0.0,0.0,0.0,0.0,0.0
Washington,2020-06-23,30778.0,1285.0,0.0,0.0,0.0,0.0,0.0,0.0,0.0
Washington,2020-06-24,31400.0,1294.0,0.0,0.0,0.0,0.0,0.0,0.0,0.0
Washington,2020-06-25,31998.0,1301.0,0.0,0.0,0.0,0.0,0.0,0.0,0.0
Washington,2020-06-26,32489.0,1305.0,0.0,0.0,0.0,0.0,0.0,0.0,0.0
Washington,2020-06-27,33031.0,1311.0,0.0,0.0,0.0,0.0,0.0,0.0,0.0
Washington,2020-06-28,33341.0,1311.0,0.0,0.0,0.0,0.0,0.0,0.0,0.0
Washington,2020-06-29,34036.0,1321.0,0.0,0.0,0.0,0.0,0.0,0.0,0.0
Washington,2020-06-30,34541.0,1333.0,0.0,0.0,0.0,0.0,0.0,0.0,0.0
Washington,2020-07-01,35258.0,1340.0,0.0,0.0,0.0,0.0,0.0,0.0,0.0
Washington,2020-07-02,35921.0,1343.0,0.0,0.0,0.0,0.0,0.0,0.0,0.0
Washington,2020-07-03,36417.0,1353.0,0.0,0.0,0.0,0.0,0.0,0.0,0.0
Washington,2020-07-04,36799.0,1355.0,0.0,0.0,0.0,0.0,0.0,0.0,0.0
Washington,2020-07-05,37468.0,1360.0,0.0,0.0,0.0,0.0,0.0,0.0,0.0
Washington,2020-07-06,38517.0,1370.0,0.0,0.0,0.0,0.0,0.0,0.0,0.0
Washington,2020-07-07,39063.0,1385.0,0.0,0.0,0.0,0.0,0.0,0.0,0.0
Washington,2020-07-08,39661.0,1395.0,0.0,0.0,0.0,0.0,0.0,0.0,0.0
Washington,2020-07-09,40369.0,1410.0,0.0,0.0,0.0,0.0,0.0,0.0,0.0
Washington,2020-07-10,41090.0,1426.0,0.0,0.0,0.0,0.0,0.0,0.0,0.0
Washington,2020-07-11,41326.0,1426.0,0.0,0.0,0.0,0.0,0.0,0.0,0.0
Washington,2020-07-12,42181.0,1438.0,0.0,0.0,0.0,0.0,0.0,0.0,0.0
Washington,2020-07-13,43538.0,1439.0,0.0,0.0,0.0,0.0,0.0,0.0,0.0
Washington,2020-07-14,44257.0,1465.0,0.0,0.0,0.0,0.0,0.0,0.0,0.0
Washington,2020-07-15,45004.0,1486.0,0.0,0.0,0.0,0.0,0.0,0.0,0.0
Washington,2020-07-16,46268.0,1492.0,0.0,0.0,0.0,0.0,0.0,0.0,0.0
Washington,2020-07-17,47226.0,1498.0,0.0,0.0,0.0,0.0,0.0,0.0,0.0
Washington,2020-07-18,47889.0,1509.0,0.0,0.0,0.0,0.0,0.0,0.0,0.0
Washington,2020-07-19,48601.0,1512.0,0.0,0.0,0.0,0.0,0.0,0.0,0.0
Washington,2020-07-20,49949.0,1521.0,0.0,0.0,0.0,0.0,0.0,0.0,0.0
Washington,2020-07-21,50746.0,1531.0,0.0,0.0,0.0,0.0,0.0,0.0,0.0
Washington,2020-07-22,51442.0,1534.0,0.0,0.0,0.0,0.0,0.0,0.0,0.0
Washington,2020-07-23,52255.0,1548.0,0.0,0.0,0.0,0.0,0.0,0.0,0.0
Washington,2020-07-24,53278.0,1590.0,0.0,0.0,0.0,0.0,0.0,0.0,0.0
Washington,2020-07-25,53883.0,1591.0,0.0,0.0,0.0,0.0,0.0,0.0,0.0
Washington,2020-07-26,54421.0,1595.0,0.0,0.0,0.0,0.0,0.0,0.0,0.0
Washington,2020-07-27,55547.0,1610.0,0.0,0.0,0.0,0.0,0.0,0.0,0.0
Washington,2020-07-28,56575.0,1632.0,0.0,0.0,0.0,0.0,0.0,0.0,0.0
Washington,2020-07-29,57299.0,1642.0,0.0,0.0,0.0,0.0,0.0,0.0,0.0
Washington,2020-07-30,58099.0,1652.0,0.0,0.0,0.0,0.0,0.0,0.0,0.0
Washington,2020-07-31,58725.0,1653.0,0.0,0.0,0.0,0.0,0.0,0.0,0.0
Washington,2020-08-01,59648.0,1675.0,0.0,0.0,0.0,0.0,0.0,0.0,0.0
Washington,2020-08-02,60160.0,1679.0,0.0,0.0,0.0,0.0,0.0,0.0,0.0
Washington,2020-08-03,61011.0,1684.0,0.0,0.0,0.0,0.0,0.0,0.0,0.0
Washington,2020-08-04,61828.0,1705.0,0.0,0.0,0.0,0.0,0.0,0.0,0.0
Washington,2020-08-05,62389.0,1704.0,0.0,0.0,0.0,0.0,0.0,0.0,0.0
Washington,2020-08-06,63056.0,1715.0,0.0,0.0,0.0,0.0,0.0,0.0,0.0
Washington,2020-08-07,63975.0,1743.0,0.0,0.0,0.0,0.0,0.0,0.0,0.0
Washington,2020-08-08,64346.0,1751.0,0.0,0.0,0.0,0.0,0.0,0.0,0.0
Washington,2020-08-09,65248.0,1773.0,0.0,0.0,0.0,0.0,0.0,0.0,0.0
Washington,2020-08-10,66225.0,1780.0,0.0,0.0,0.0,0.0,0.0,0.0,0.0
Washington,2020-08-11,66619.0,1785.0,0.0,0.0,0.0,0.0,0.0,0.0,0.0
Washington,2020-08-12,67170.0,1788.0,0.0,0.0,0.0,0.0,0.0,0.0,0.0
Washington,2020-08-13,68095.0,1822.0,0.0,0.0,0.0,0.0,0.0,0.0,0.0
Washington,2020-08-14,68581.0,1825.0,0.0,0.0,0.0,0.0,0.0,0.0,0.0
Washington,2020-08-15,69136.0,1842.0,0.0,0.0,0.0,0.0,0.0,0.0,0.0
Washington,2020-08-16,69894.0,1861.0,0.0,0.0,0.0,0.0,0.0,0.0,0.0
Washington,2020-08-17,70509.0,1869.0,0.0,0.0,0.0,0.0,0.0,0.0,0.0
Washington,2020-08-18,71032.0,1895.0,0.0,0.0,0.0,0.0,0.0,0.0,0.0
Washington,2020-08-19,71594.0,1910.0,0.0,0.0,0.0,0.0,0.0,0.0,0.0
Washington,2020-08-20,72284.0,1924.0,0.0,0.0,0.0,0.0,0.0,0.0,0.0
Washington,2020-08-21,72787.0,1937.0,0.0,0.0,0.0,0.0,0.0,0.0,0.0
Washington,2020-08-22,73353.0,1944.0,0.0,0.0,0.0,0.0,0.0,0.0,0.0
Washington,2020-08-23,73745.0,1948.0,0.0,0.0,0.0,0.0,0.0,0.0,0.0
Washington,2020-08-24,74292.0,1953.0,0.0,0.0,0.0,0.0,0.0,0.0,0.0
Washington,2020-08-25,74634.0,1962.0,0.0,0.0,0.0,0.0,0.0,0.0,0.0
Washington,2020-08-26,75207.0,1968.0,0.0,0.0,0.0,0.0,0.0,0.0,0.0
Washington,2020-08-27,75752.0,1977.0,0.0,0.0,0.0,0.0,0.0,0.0,0.0
Washington,2020-08-28,76397.0,1992.0,0.0,0.0,0.0,0.0,0.0,0.0,0.0
Washington,2020-08-29,76834.0,1992.0,0.0,0.0,0.0,0.0,0.0,0.0,0.0
Washington,2020-08-30,77122.0,1992.0,0.0,0.0,0.0,0.0,0.0,0.0,0.0
Washington,2020-08-31,77718.0,2002.0,0.0,0.0,0.0,0.0,0.0,0.0,0.0
Washington,2020-09-01,78061.0,2018.0,0.0,0.0,0.0,0.0,0.0,0.0,0.0
Washington,2020-09-02,78554.0,2025.0,0.0,0.0,0.0,0.0,0.0,0.0,0.0
Washington,2020-09-03,79120.0,2033.0,0.0,0.0,0.0,0.0,0.0,0.0,0.0
Washington,2020-09-04,79721.0,2042.0,0.0,0.0,0.0,0.0,0.0,0.0,0.0
Washington,2020-09-05,79900.0,2042.0,0.0,0.0,0.0,0.0,0.0,0.0,0.0
Washington,2020-09-06,80369.0,2043.0,0.0,0.0,0.0,0.0,0.0,0.0,0.0
Washington,2020-09-07,80485.0,2043.0,0.0,0.0,0.0,0.0,0.0,0.0,0.0
Washington,2020-09-08,81048.0,2045.0,0.0,0.0,0.0,0.0,0.0,0.0,0.0
Washington,2020-09-09,81528.0,2066.0,0.0,0.0,0.0,0.0,0.0,0.0,0.0
Washington,2020-09-10,82125.0,2073.0,0.0,0.0,0.0,0.0,0.0,0.0,0.0
Washington,2020-09-11,82590.0,2079.0,0.0,0.0,0.0,0.0,0.0,0.0,0.0
Washington,2020-09-12,82957.0,2079.0,0.0,0.0,0.0,0.0,0.0,0.0,0.0
Washington,2020-09-13,83177.0,2079.0,0.0,0.0,0.0,0.0,0.0,0.0,0.0
Washington,2020-09-14,83861.0,2095.0,0.0,0.0,0.0,0.0,0.0,0.0,0.0
Washington,2020-09-15,84222.0,2107.0,0.0,0.0,0.0,0.0,0.0,0.0,0.0
Washington,2020-09-16,84714.0,2113.0,0.0,0.0,0.0,0.0,0.0,0.0,0.0
Washington,2020-09-17,85101.0,2123.0,0.0,0.0,0.0,0.0,0.0,0.0,0.0
Washington,2020-09-18,85583.0,2130.0,0.0,0.0,0.0,0.0,0.0,0.0,0.0
Washington,2020-09-19,85886.0,2130.0,0.0,0.0,0.0,0.0,0.0,0.0,0.0
Washington,2020-09-20,86169.0,2130.0,0.0,0.0,0.0,0.0,0.0,0.0,0.0
Washington,2020-09-21,86803.0,2137.0,0.0,0.0,0.0,0.0,0.0,0.0,0.0
Washington,2020-09-22,87233.0,2163.0,0.0,0.0,0.0,0.0,0.0,0.0,0.0
Washington,2020-09-23,88042.0,2175.0,0.0,0.0,0.0,0.0,0.0,0.0,0.0
Washington,2020-09-24,88597.0,2175.0,0.0,0.0,0.0,0.0,0.0,0.0,0.0
Washington,2020-09-25,89149.0,2193.0,0.0,0.0,0.0,0.0,0.0,0.0,0.0
Washington,2020-09-26,89514.0,2196.0,0.0,0.0,0.0,0.0,0.0,0.0,0.0
Washington,2020-09-27,89822.0,2196.0,0.0,0.0,0.0,0.0,0.0,0.0,0.0
Washington,2020-09-28,90596.0,2199.0,0.0,0.0,0.0,0.0,0.0,0.0,0.0
Washington,2020-09-29,91011.0,2218.0,0.0,0.0,0.0,0.0,0.0,0.0,0.0
Washington,2020-09-30,91560.0,2222.0,0.0,0.0,0.0,0.0,0.0,0.0,0.0
Washington,2020-10-01,92166.0,2227.0,0.0,0.0,0.0,0.0,0.0,0.0,0.0
Washington,2020-10-02,92727.0,2239.0,0.0,0.0,0.0,0.0,0.0,0.0,0.0
Washington,2020-10-03,93160.0,2238.0,0.0,0.0,0.0,0.0,0.0,0.0,0.0
Washington,2020-10-04,93527.0,2238.0,0.0,0.0,0.0,0.0,0.0,0.0,0.0
Washington,2020-10-05,94202.0,2253.0,0.0,0.0,0.0,0.0,0.0,0.0,0.0
Washington,2020-10-06,94694.0,2261.0,0.0,0.0,0.0,0.0,0.0,0.0,0.0
Washington,2020-10-07,95500.0,2274.0,0.0,0.0,0.0,0.0,0.0,0.0,0.0
Washington,2020-10-08,96227.0,2280.0,0.0,0.0,0.0,0.0,0.0,0.0,0.0
Washington,2020-10-09,96837.0,2288.0,0.0,0.0,0.0,0.0,0.0,0.0,0.0
Washington,2020-10-10,97223.0,2289.0,0.0,0.0,0.0,0.0,0.0,0.0,0.0
Washington,2020-10-11,97527.0,2289.0,0.0,0.0,0.0,0.0,0.0,0.0,0.0
Washington,2020-10-12,98265.0,2292.0,0.0,0.0,0.0,0.0,0.0,0.0,0.0
Washington,2020-10-13,99311.0,2311.0,0.0,0.0,0.0,0.0,0.0,0.0,0.0
Washington,2020-10-14,100068.0,2319.0,0.0,0.0,0.0,0.0,0.0,0.0,0.0
Washington,2020-10-15,100838.0,2331.0,0.0,0.0,0.0,0.0,0.0,0.0,0.0
Washington,2020-10-16,101533.0,2338.0,0.0,0.0,0.0,0.0,0.0,0.0,0.0
Washington,2020-10-17,102054.0,2339.0,0.0,0.0,0.0,0.0,0.0,0.0,0.0
Washington,2020-10-18,102403.0,2339.0,0.0,0.0,0.0,0.0,0.0,0.0,0.0
Washington,2020-10-19,103323.0,2357.0,0.0,0.0,0.0,0.0,0.0,0.0,0.0
Washington,2020-10-20,103845.0,2380.0,0.0,0.0,0.0,0.0,0.0,0.0,0.0
Washington,2020-10-21,104624.0,2384.0,0.0,0.0,0.0,0.0,0.0,0.0,0.0
Washington,2020-10-22,105364.0,2389.0,0.0,0.0,0.0,0.0,0.0,0.0,0.0
Washington,2020-10-23,106189.0,2396.0,0.0,0.0,0.0,0.0,0.0,0.0,0.0
Washington,2020-10-24,106772.0,2396.0,0.0,0.0,0.0,0.0,0.0,0.0,0.0
Washington,2020-10-25,107270.0,2396.0,0.0,0.0,0.0,0.0,0.0,0.0,0.0
Washington,2020-10-26,108393.0,2428.0,0.0,0.0,0.0,0.0,0.0,0.0,0.0
Washington,2020-10-27,108966.0,2438.0,0.0,0.0,0.0,0.0,0.0,0.0,0.0
Washington,2020-10-28,109865.0,2454.0,0.0,0.0,0.0,0.0,0.0,0.0,0.0
Washington,2020-10-29,110748.0,2463.0,0.0,0.0,0.0,0.0,0.0,0.0,0.0
Washington,2020-10-30,111893.0,2468.0,0.0,0.0,0.0,0.0,0.0,0.0,0.0
Washington,2020-10-31,112580.0,2468.0,0.0,0.0,0.0,0.0,0.0,0.0,0.0
Washington,2020-11-01,113109.0,2468.0,0.0,0.0,0.0,0.0,0.0,0.0,0.0
Washington,2020-11-02,114787.0,2484.0,0.0,0.0,0.0,0.0,0.0,0.0,0.0
Washington,2020-11-03,115608.0,2507.0,0.0,0.0,0.0,0.0,0.0,0.0,0.0
Washington,2020-11-04,117091.0,2526.0,0.0,0.0,0.0,0.0,0.0,0.0,0.0
Washington,2020-11-05,118459.0,2542.0,0.0,0.0,0.0,0.0,0.0,0.0,0.0
Washington,2020-11-06,120123.0,2552.0,0.0,0.0,0.0,0.0,0.0,0.0,0.0
Washington,2020-11-07,121220.0,2552.0,0.0,0.0,0.0,0.0,0.0,0.0,0.0
Washington,2020-11-08,122310.0,2552.0,0.0,0.0,0.0,0.0,0.0,0.0,0.0
Washington,2020-11-09,124560.0,2577.0,0.0,0.0,0.0,0.0,0.0,0.0,0.0
Washington,2020-11-10,126091.0,2594.0,0.0,0.0,0.0,0.0,0.0,0.0,0.0
Washington,2020-11-11,126886.0,2595.0,0.0,0.0,0.0,0.0,0.0,0.0,0.0
Washington,2020-11-12,129672.0,2619.0,0.0,0.0,0.0,0.0,0.0,0.0,0.0
Washington,2020-11-13,132183.0,2634.0,0.0,0.0,0.0,0.0,0.0,0.0,0.0
Washington,2020-11-14,133612.0,2638.0,0.0,0.0,0.0,0.0,0.0,0.0,0.0
Washington,2020-11-15,135365.0,2638.0,0.0,0.0,0.0,0.0,0.0,0.0,0.0
Washington,2020-11-16,138602.0,2661.0,0.0,0.0,0.0,0.0,0.0,0.0,0.0
Washington,2020-11-17,140923.0,2686.0,0.0,0.0,0.0,0.0,0.0,0.0,0.0
Washington,2020-11-18,142511.0,2704.0,0.0,0.0,0.0,0.0,0.0,0.0,0.0
Washington,2020-11-19,144968.0,2717.0,0.0,0.0,0.0,0.0,0.0,0.0,0.0
Washington,2020-11-20,147251.0,2738.0,0.0,0.0,0.0,0.0,0.0,0.0,0.0
Washington,2020-11-21,148691.0,2738.0,0.0,0.0,0.0,0.0,0.0,0.0,0.0
Washington,2020-11-22,149703.0,2738.0,0.0,0.0,0.0,0.0,0.0,0.0,0.0
Washington,2020-11-23,155336.0,2775.0,0.0,0.0,0.0,0.0,0.0,0.0,0.0
Washington,2020-11-24,158234.0,2807.0,0.0,0.0,0.0,0.0,0.0,0.0,0.0
Washington,2020-11-25,161207.0,2825.0,0.0,0.0,0.0,0.0,0.0,0.0,0.0
Washington,2020-11-26,161911.0,2825.0,0.0,0.0,0.0,0.0,0.0,0.0,0.0
Washington,2020-11-27,165230.0,2828.0,0.0,0.0,0.0,0.0,0.0,0.0,0.0
Washington,2020-11-28,166736.0,2828.0,0.0,0.0,0.0,0.0,0.0,0.0,0.0
Washington,2020-11-29,168333.0,2828.0,0.0,0.0,0.0,0.0,0.0,0.0,0.0
Washington,2020-11-30,172175.0,2895.0,0.0,0.0,0.0,0.0,0.0,0.0,0.0
Washington,2020-12-01,174969.0,2927.0,0.0,0.0,0.0,0.0,0.0,0.0,0.0
Washington,2020-12-02,177929.0,2979.0,0.0,0.0,0.0,0.0,0.0,0.0,0.0
Washington,2020-12-03,180125.0,3040.0,0.0,0.0,0.0,0.0,0.0,0.0,0.0
Washington,2020-12-04,182758.0,3062.0,0.0,0.0,0.0,0.0,0.0,0.0,0.0
Washington,2020-12-05,184079.0,3065.0,0.0,0.0,0.0,0.0,0.0,0.0,0.0
Washington,2020-12-06,185505.0,3065.0,0.0,0.0,0.0,0.0,0.0,0.0,0.0
Washington,2020-12-07,191468.0,3080.0,0.0,0.0,0.0,0.0,0.0,0.0,0.0
Washington,2020-12-08,194788.0,3102.0,0.0,0.0,0.0,0.0,0.0,0.0,0.0
Washington,2020-12-09,197973.0,3146.0,0.0,0.0,0.0,0.0,0.0,0.0,0.0
Washington,2020-12-10,201179.0,3075.0,0.0,0.0,0.0,0.0,0.0,0.0,0.0
Washington,2020-12-11,204484.0,3097.0,0.0,0.0,0.0,0.0,0.0,0.0,0.0
Washington,2020-12-12,207399.0,3043.0,0.0,0.0,0.0,0.0,0.0,0.0,0.0
Washington,2020-12-13,209385.0,3045.0,0.0,0.0,0.0,0.0,0.0,0.0,0.0
Washington,2020-12-14,212342.0,3084.0,0.0,0.0,0.0,0.0,0.0,0.0,0.0
Washington,2020-12-15,214085.0,3123.0,0.0,0.0,0.0,0.0,0.0,0.0,0.0
Washington,2020-12-16,215310.0,3139.0,0.0,0.0,0.0,0.0,0.0,0.0,0.0
Washington,2020-12-17,220628.0,3170.0,0.0,0.0,0.0,0.0,0.0,0.0,0.0
Washington,2020-12-18,224594.0,3168.0,0.0,0.0,0.0,0.0,0.0,0.0,0.0
Washington,2020-12-19,226551.0,3169.0,0.0,0.0,0.0,0.0,0.0,0.0,0.0
Washington,2020-12-20,227049.0,3170.0,0.0,0.0,0.0,0.0,0.0,0.0,0.0
Washington,2020-12-21,230642.0,3186.0,0.0,0.0,0.0,0.0,0.0,0.0,0.0
Washington,2020-12-22,232204.0,3214.0,0.0,0.0,0.0,0.0,0.0,0.0,0.0
Washington,2020-12-23,234832.0,3245.0,0.0,0.0,0.0,0.0,0.0,0.0,0.0
Washington,2020-12-24,237269.0,3268.0,0.0,0.0,0.0,0.0,0.0,0.0,0.0
Washington,2020-12-25,237689.0,3268.0,0.0,0.0,0.0,0.0,0.0,0.0,0.0
Washington,2020-12-26,240763.0,3283.0,0.0,0.0,0.0,0.0,0.0,0.0,0.0
Washington,2020-12-27,241036.0,3283.0,0.0,0.0,0.0,0.0,0.0,0.0,0.0
Washington,2020-12-28,243547.0,3300.0,0.0,0.0,0.0,0.0,0.0,0.0,0.0
Washington,2020-12-29,245692.0,3433.0,0.0,0.0,0.0,0.0,0.0,0.0,0.0
Washington,2020-12-30,247455.0,3486.0,0.0,0.0,0.0,0.0,0.0,0.0,0.0
Washington,2020-12-31,251064.0,3523.0,0.0,0.0,0.0,0.0,0.0,0.0,0.0
Washington,2021-01-01,251585.0,3523.0,0.0,0.0,0.0,0.0,0.0,0.0,0.0
Washington,2021-01-02,253290.0,3524.0,0.0,0.0,0.0,0.0,0.0,0.0,0.0
Washington,2021-01-03,258557.0,3524.0,0.0,0.0,0.0,0.0,0.0,0.0,0.0
Washington,2021-01-04,261328.0,3558.0,0.0,0.0,0.0,0.0,0.0,0.0,0.0
Washington,2021-01-05,263713.0,3611.0,0.0,0.0,0.0,0.0,0.0,0.0,0.0
Washington,2021-01-06,265790.0,3681.0,0.0,0.0,0.0,0.0,0.0,0.0,0.0
Washington,2021-01-07,269033.0,3719.0,0.0,0.0,0.0,0.0,0.0,0.0,0.0
Washington,2021-01-08,273142.0,3768.0,0.0,0.0,0.0,0.0,0.0,0.0,0.0
Washington,2021-01-09,275832.0,3775.0,0.0,0.0,0.0,0.0,0.0,0.0,0.0
Washington,2021-01-10,276333.0,3776.0,0.0,0.0,0.0,0.0,0.0,0.0,0.0
Washington,2021-01-11,281071.0,3793.0,0.0,0.0,0.0,0.0,0.0,0.0,0.0
Washington,2021-01-12,283363.0,3869.0,0.0,0.0,0.0,0.0,0.0,0.0,0.0
Washington,2021-01-13,285690.0,3909.0,0.0,0.0,0.0,0.0,0.0,0.0,0.0
Washington,2021-01-14,288127.0,3949.0,0.0,0.0,0.0,0.0,0.0,0.0,0.0
Washington,2021-01-15,290288.0,3972.0,0.0,0.0,0.0,0.0,0.0,0.0,0.0
Washington,2021-01-16,290896.0,3971.0,0.0,0.0,0.0,0.0,0.0,0.0,0.0
Washington,2021-01-17,293296.0,3971.0,0.0,0.0,0.0,0.0,0.0,0.0,0.0
Washington,2021-01-18,293739.0,3974.0,0.0,0.0,0.0,0.0,0.0,0.0,0.0
Washington,2021-01-19,296519.0,4020.0,0.0,0.0,0.0,0.0,0.0,0.0,0.0
Washington,2021-01-20,298487.0,4021.0,0.0,0.0,0.0,0.0,0.0,0.0,0.0
Washington,2021-01-21,300420.0,4131.0,0.0,0.0,0.0,0.0,0.0,0.0,0.0
Washington,2021-01-22,302546.0,4178.0,0.0,0.0,0.0,0.0,0.0,0.0,0.0
Washington,2021-01-23,304107.0,4182.0,0.0,0.0,0.0,0.0,0.0,0.0,0.0
Washington,2021-01-24,304523.0,4182.0,0.0,0.0,0.0,0.0,0.0,0.0,0.0
Washington,2021-01-25,306489.0,4221.0,0.0,0.0,0.0,0.0,0.0,0.0,0.0
Washington,2021-01-26,307880.0,4245.0,0.0,0.0,0.0,0.0,0.0,0.0,0.0
Washington,2021-01-27,309604.0,4294.0,0.0,0.0,0.0,0.0,0.0,0.0,0.0
Washington,2021-01-28,312042.0,4328.0,0.0,0.0,0.0,0.0,0.0,0.0,0.0
Washington,2021-01-29,314033.0,4368.0,0.0,0.0,0.0,0.0,0.0,0.0,0.0
Washington,2021-01-30,315448.0,4368.0,0.0,0.0,0.0,0.0,0.0,0.0,0.0
Washington,2021-01-31,315769.0,4369.0,0.0,0.0,0.0,0.0,0.0,0.0,0.0
Washington,2021-02-01,317703.0,4404.0,0.0,0.0,0.0,0.0,0.0,0.0,0.0
Washington,2021-02-02,318967.0,4402.0,0.0,0.0,0.0,0.0,0.0,0.0,0.0
Washington,2021-02-03,320368.0,4466.0,0.0,0.0,0.0,0.0,0.0,0.0,0.0
Washington,2021-02-04,321940.0,4492.0,0.0,0.0,0.0,0.0,0.0,0.0,0.0
Washington,2021-02-05,323334.0,4526.0,0.0,0.0,0.0,0.0,0.0,0.0,0.0
Washington,2021-02-06,323748.0,4527.0,0.0,0.0,0.0,0.0,0.0,0.0,0.0
Washington,2021-02-07,323947.0,4531.0,0.0,0.0,0.0,0.0,0.0,0.0,0.0
